<?xml version="1.0" encoding="utf-8" ?>
<kml xmlns="http://www.opengis.net/kml/2.2" xmlns:gx="http://www.google.com/kml/ext/2.2" xmlns:kml="http://www.opengis.net/kml/2.2" xmlns:atom="http://www.w3.org/2005/Atom">
<Document>
<name>Sanfte Gipfel</name>
        <visibility>1</visibility>
        <open>1</open>
      <Style id="green">
            <LineStyle>
            <color>AA0DFF25</color>
            <width>4</width>
            </LineStyle>
        </Style>
        <Style id="route_green">
            <LineStyle>
            <color>AA0DFF25</color>
            <width>4</width>
            </LineStyle>
        </Style>

      <Style id="darkgreen">
            <LineStyle>
            <color>AA00B712</color>
            <width>8</width>
            </LineStyle>
        </Style>
        <Style id="route_darkgreen">
            <LineStyle>
            <color>AA00B712</color>
            <width>8</width>
            </LineStyle>
        </Style>
<Folder><name>sanfte_gipfel</name>
  <Placemark>
	<styleUrl>#green</styleUrl>
      <LineString><coordinates>9.94144732305234,46.7657780169868,2206.76700000001 9.94139490865804,46.7657239244179,2207.076 9.94133774214142,46.7656870810685,2207.295 9.94120536998942,46.7656423559169,2207.65399999999 9.94109880751313,46.7656161176784,2207.88099999999 9.9409841001685,46.7655938649443,2208.069 9.94087591302141,46.7655924301586,2208.192 9.94079059743089,46.7656057308149,2208.417 9.94072075237393,46.765634595233,2208.556</coordinates></LineString>
  </Placemark>
  <Placemark>
	<styleUrl>#green</styleUrl>
      <LineString><coordinates>9.93118594850848,46.7788410561091,2050.484 9.93148709560204,46.7786284437011,2052.927 9.93168716317108,46.7784910098309,2053.96000000001 9.93179703609886,46.7784216053543,2054.367 9.93192099621006,46.7783463490852,2054.75900000001 9.93201732093032,46.7782930442493,2055.049 9.93210525710585,46.7782458805475,2055.32000000001</coordinates></LineString>
  </Placemark>
  <Placemark>
	<styleUrl>#green</styleUrl>
      <LineString><coordinates>9.91945334252379,46.7870319777585,1938.39999999999 9.91938144466528,46.7870202382075,1938.749 9.91922737043918,46.7869866684094,1939.565 9.91914405864599,46.7869598138712,1940.09299999999</coordinates></LineString>
  </Placemark>
  <Placemark>
	<styleUrl>#green</styleUrl>
      <LineString><coordinates>9.94673941444876,46.7509490763536,2382.52499999999 9.94670909694682,46.7509790830095,2382.48 9.94655879720136,46.751110088745,2382.39200000001 9.94629208932429,46.7513229793843,2382.265 9.94608384664072,46.7514773621211,2381.986 9.9457100854205,46.7517323842662,2381.63499999999 9.94554019213242,46.7518360809702,2381.622 9.9454226837437,46.7518960382097,2381.63099999999 9.94532625980041,46.7519377569889,2381.44500000001</coordinates></LineString>
  </Placemark>
  <Placemark>
	<styleUrl>#green</styleUrl>
      <LineString><coordinates>9.94776295302035,46.749932316365,2383.08100000001 9.94727853296864,46.7504119530898,2382.89200000001 9.94718604457906,46.7505052292961,2382.86199999999</coordinates></LineString>
  </Placemark>
  <Placemark>
	<styleUrl>#green</styleUrl>
      <LineString><coordinates>9.94040390325503,46.7660156001472,2210.24000000001 9.9404220542674,46.7660609672826,2210.482 9.94038149293352,46.7661538275675,2209.149 9.94021053769775,46.7662705432162,2207.068 9.94015963615117,46.7663531270599,2206.963 9.94016342110069,46.7663957221316,2206.935 9.94016203921514,46.7664257674488,2206.495 9.94013864404643,46.766439537278,2205.92 9.94008883966605,46.7664419339657,2204.602 9.94005774622357,46.7664492845126,2204.24400000001 9.94003130103375,46.7664769181836,2204.058 9.9399731928929,46.7664999178438,2203.399 9.93991226878452,46.766521791192,2202.454 9.93985214731652,46.7665406409126,2201.89 9.93978631283793,46.7665566188084,2201.323 9.93974705043684,46.7665671633054,2201.079 9.93971767810399,46.766591279048,2200.554 9.93969690680397,46.7666217942889,2200.11 9.93967472013066,46.7666613225498,2199.52499999999 9.93966284908485,46.766690292728,2199.22199999999 9.93964144565209,46.7667602418349,2198.462 9.93961870863871,46.7668217781561,2197.85799999999 9.93961220483334,46.7668774957199,2197.17999999999 9.9395920620434,46.7668972871569,2196.76700000001 9.93956513784952,46.7669287202076,2195.91899999999 9.93949527922408,46.7669635511193,2194.417 9.93945116245883,46.7669996088971,2193.232 9.93937522894413,46.7670418358564,2192.126 9.93934370718628,46.767060004589,2191.925 9.93930483981502,46.7670737082687,2191.76700000001 9.93927408296696,46.7670829592165,2191.38 9.939245658016,46.7670978650625,2190.689 9.9392324457516,46.7671267295753,2190.284 9.93921728569856,46.767158498766,2189.719 9.93918114817478,46.7671864345919,2188.94 9.93912224422213,46.7672163002315,2188.46400000001 9.93906935682393,46.7672417500153,2188.552 9.93903906336689,46.7672609897467,2188.36 9.9390128383091,46.7672787093327,2188.099 9.93897650200857,46.7673023654432,2188.29300000001 9.93894331891636,46.7673488124641,2187.87300000001 9.93892386502651,46.767377813682,2187.46799999999 9.93888499731932,46.7673915172181,2187.266 9.93884477878053,46.7674209913379,2187.124 9.93882948575203,46.7674499013817,2186.76700000001 9.93880198787206,46.7674847938032,2186.2 9.93879300213465,46.7675149876638,2185.519 9.93873164564159,46.7675820588223,2184.31 9.93867699389351,46.7676589820684,2182.137 9.93860961996403,46.7677304599736,2180.576 9.93858038561293,46.7677725363733,2180.54399999999 9.93856702750804,46.7677985509897,2180.429 9.93853271790634,46.7678207315498,2179.60799999999 9.93849866006956,46.767848621584,2179.083 9.93848181599979,46.767888995548,2178.326 9.93846503822773,46.7679307990567,2177.98699999999 9.93843092704911,46.7679572592365,2178.25 9.9383860826104,46.7679768175043,2178.056 9.93834404689811,46.7680120282322,2177.736 9.93831656620381,46.7680399631453,2177.736 9.93826725227469,46.7680828932567,2177.77 9.93822671742862,46.7681103670656,2178.35799999999 9.93819615438848,46.7681416004566,2178.07000000001 9.93817606654898,46.7681784094125,2177.61199999999 9.93816487709791,46.7682153204748,2177.071 9.93814792607402,46.768262149721,2175.952 9.93813724264034,46.7683051696957,2175.34600000001 9.93810625783895,46.7683544212916,2175.113 9.93809350801802,46.7683932745176,2175.046 9.93809073750452,46.7684233411878,2175.091 9.93807551010037,46.7684536806742,2174.88499999999 9.93808755490154,46.7684891378746,2174.734 9.93808511511386,46.7685263342991,2174.961 9.93804958515157,46.7685671174195,2175.29700000001 9.93800566676143,46.7686066532356,2175.592 9.93796858582048,46.7686589002908,2175.32000000001 9.93793674245535,46.7687241006279,2174.822 9.93788338053858,46.7688068541837,2174.372 9.93783531639038,46.7688569837097,2174.145 9.9377989316401,46.7689397794427,2173.966 9.93778258680827,46.7690064673354,2173.216 9.93775362282597,46.7690614615608,2172.66099999999 9.93772901481285,46.769108989396,2171.554 9.93769877009091,46.7691363726626,2171.2 9.93767570714432,46.7691737236564,2170.251 9.93767153180767,46.7692138920637,2169.37 9.93765836598464,46.7692768293224,2168.37699999999 9.93762822189672,46.7693207883545,2167.14200000001 9.93760547589569,46.7693646933868,2166.781 9.93758703082028,46.7693948602476,2166.376 9.93752391690636,46.7694314591595,2166.091 9.93750239047985,46.769542333424,2166.53599999999 9.93740869129508,46.7696501078897,2165.603 9.93747718833155,46.7697931210712,2163.245 9.93742006391886,46.7699331787006,2161.656 9.93743452828869,46.7700112069563,2161.368 9.93741184099808,46.7700513036536,2160.515 9.93740146092194,46.7700847858939,2159.647 9.93739817613256,46.7701320177775,2158.389 9.93737758278622,46.770163320627,2157.69100000001 9.93737021594633,46.7702021818873,2157.34699999999 9.9373686229804,46.7702463527303,2156.678 9.93736398920879,46.7702845511524,2156.326 9.93734018092828,46.7703256173724,2156.117 9.937336406404,46.7703625729814,2156.056 9.93733434347033,46.7704158171044,2155.97100000001 9.93731622613522,46.7704609707188,2154.94500000001 9.9372884283238,46.7705154352574,2153.382 9.93725404392362,46.7705470670055,2152.893 9.93723011885906,46.7705669767714,2152.167 9.93720819735647,46.77060918965,2151.14 9.93717152186229,46.7706705085015,2150.249 9.9371447529555,46.7707321954668,2149.363 9.9370452923195,46.7709638005641,2145.61500000001 9.93689795086178,46.7711441996944,2141.103 9.93653023783756,46.7713507248608,2133.789 9.93622166836627,46.7715045016083,2126.33199999999 9.93597606247116,46.7716229158382,2121.406 9.93591522872438,46.7716915488272,2120.659 9.93589518254513,46.7717533403515,2119.47500000001 9.93584472465781,46.7717965733088,2118.91800000001 9.9357949115473,46.7718217831631,2118.54700000001 9.93573419706938,46.7718500395002,2118.567 9.93569657743615,46.7718712565355,2118.303 9.93567227894407,46.7718820031312,2118.11199999999 9.93559758101823,46.7718764823832,2118.03200000001 9.93554354310036,46.7718704556058,2117.639 9.93547001076132,46.7718898032319,2117.19100000001 9.93542862411859,46.7719184915718,2117.08 9.93538704085306,46.7719435032035,2116.844 9.93532804871422,46.7719495726789,2116.12 9.93528606492405,46.7719653770506,2115.58500000001 9.93523425378099,46.7719777243812,2115.15399999999 9.93520834639025,46.7720134000224,2114.095 9.93518593376479,46.7720351662384,2113.96799999999 9.93514121815856,46.7720519483081,2113.701 9.93512431844271,46.7720804609107,2113.19500000001 9.93495298913488,46.7722434630245,2109.299 9.9349460124002,46.7722707145642,2109.348 9.93491871757047,46.7723064204768,2108.886 9.93488830450775,46.7723339145984,2108.52899999999 9.93488492938279,46.7723800953226,2107.77899999999 9.93486095003168,46.7724277076806,2106.784 9.93482991788583,46.7724718112897,2106.405 9.93477663939345,46.7725118744326,2106.29399999999 9.93473016965967,46.7725498986469,2105.519 9.93471560728524,46.7725926790312,2105.11900000001 9.93468880774334,46.7726385170268,2105.041 9.93464818375687,46.7726542824086,2104.617 9.93462448199461,46.7726779216898,2104.336 9.93462489984003,46.7727166304674,2104.322 9.93458675857347,46.7727562994784,2103.75599999999 9.93454601097004,46.7727988064645,2103.007 9.93447233996867,46.7728448863818,2101.849 9.93441584338629,46.7728748767349,2100.88400000001 9.93436905340211,46.7729359747373,2100.30899999999 9.93436584855157,46.7729858417001,2100.14999999999 9.93437052005107,46.7730567133856,2099.678 9.93438214428095,46.7731029170963,2099.764 9.93440319993109,46.7731386545965,2099.27099999999 9.93441509037733,46.7731555395515,2098.88499999999 9.93441605996737,46.7731764703008,2098.712 9.9344090726278,46.7732051980243,2098.16800000001 9.93438962579696,46.773230490202,2097.572 9.93435856412367,46.7732584213438,2097.28 9.93432026408466,46.7732844947544,2097.07799999999 9.93428836960672,46.7733142440811,2096.613 9.93426525512872,46.7733423704237,2096.01300000001 9.93423464884221,46.7733956895094,2094.96799999999 9.93422720691999,46.7734428861126,2094.63400000001 9.93419794060253,46.7734657469622,2094.151 9.93419388265963,46.7734972006107,2093.587 9.93418080436934,46.773541775453,2092.306 9.9341632374805,46.773579095452,2091.49400000001 9.93417487208843,46.7736221309602,2090.518 9.9341500513371,46.7736513205783,2090.171 9.93412929758215,46.7736795122717,2089.98699999999 9.93411463150006,46.7737195048305,2089.30499999999 9.93411904304686,46.7737678012544,2088.427 9.93410917980751,46.7737946838354,2088.038 9.93407708668607,46.7738201534459,2087.591 9.93404698719165,46.7738284255035,2087.185 9.9339859433748,46.7738278611091,2086.314 9.93395593214288,46.7738380392076,2085.868 9.93394028196538,46.7738593333032,2085.632 9.93394239736357,46.7739050069359,2084.617 9.93394492073169,46.7739583576291,2083.99000000001 9.9339259469789,46.7740063193123,2083.59299999999 9.93392191103627,46.7740413634541,2083.473 9.9339269485976,46.7741670999884,2081.78 9.93386820628494,46.7742838358909,2080.387 9.93386219715519,46.7742957932274,2080.223 9.93383390917442,46.774335831533,2079.71000000001 9.93382604796537,46.7743592773246,2079.38400000001 9.93382294269142,46.774368597184,2079.281 9.93371275370543,46.7744580987384,2078.23 9.93368538510107,46.7744860299383,2078.15399999999 9.93368298367494,46.7744884854263,2078.126 9.93365678251205,46.7745291800625,2077.90399999999 9.93365761567766,46.7745471707991,2077.429 9.93365889561431,46.7745748087422,2076.967 9.93363493162501,46.7746261914375,2076.285 9.93362956983057,46.7746377026102,2076.174 9.9336314900514,46.7746602145713,2075.96400000001 9.93363408974544,46.7746908926564,2075.82000000001 9.93364322003267,46.7747536838949,2075.462 9.93363151705678,46.7748155265374,2075.02099999999 9.93361334062643,46.7748719486973,2074.75999999999 9.9336067568547,46.7748924325533,2074.617 9.9335969639313,46.7749228235287,2074.45 9.93355268212771,46.7750220171836,2073.57799999999 9.93352119294812,46.7750828973064,2073.179 9.93348568222753,46.7751466103126,2072.66099999999 9.93348196697283,46.7751518125046,2072.644 9.93345247315451,46.7751929840488,2072.53200000001 9.9334074171659,46.7752299237425,2072.129 9.93335090316779,46.7752663938525,2071.429 9.93331169202968,46.7752948987822,2071.13400000001 9.93328602422243,46.7753244936913,2070.83500000001 9.93326783883108,46.775358101047,2070.895 9.93325444765081,46.7754061295735,2070.867 9.93320761803408,46.7754500379227,2071.05499999999</coordinates></LineString>
  </Placemark>
  <Placemark>
	<styleUrl>#green</styleUrl>
      <LineString><coordinates>9.94505449998888,46.7520368509812,2380.626 9.94504547886311,46.7520771353509,2380.538 9.94505069445265,46.7521819702606,2379.18399999999 9.94504694959876,46.7522211127116,2379.22 9.9450262712021,46.7522458400978,2379.302 9.94499292100556,46.7522681098433,2379.46000000001 9.94495996054294,46.7523043930813,2379.302 9.9449245712607,46.7523425116719,2378.67 9.94489928477598,46.7523821903283,2378.82799999999 9.94488634290761,46.7523992687013,2378.67 9.94484882192483,46.7524320970685,2378.196 9.94481691599953,46.7524454429917,2377.88 9.94478919044474,46.7524675891187,2377.564 9.94477458501107,46.7524762079816,2377.09 9.94474957456512,46.7524959184472,2376.61599999999 9.94471501870144,46.7525381676776,2375.984 9.94468383082732,46.7525661138541,2375.66800000001 9.94467510989575,46.7525925855284,2375.352 9.94466907443004,46.752622742232,2375.194 9.94467222074644,46.7526678803235,2375.292 9.94467521601915,46.7526897746295,2375.338 9.94467734800517,46.7527038038626,2375.34 9.94468650883945,46.7527639569109,2375.736 9.94466377571091,46.7528413795868,2374.719 9.94464675357967,46.7528808226485,2374.20600000001 9.94462527972202,46.7529056304229,2373.75199999999 9.94461979854054,46.7529119428421,2373.64 9.94460698382247,46.7529523194868,2373.129 9.94457780218744,46.7529704745179,2371.95299999999 9.94452086715946,46.7529848380917,2370.768 9.94449363815458,46.7529928881697,2370.057 9.94444737066322,46.7530192664623,2369.584 9.94438179600426,46.7530415777499,2368.636 9.94427267042386,46.7530785705069,2367.21400000001 9.94421325544542,46.7531001524161,2366.265 9.94419387319822,46.7531122151154,2365.91 9.94419276631363,46.7531540355984,2365.12 9.94417573220798,46.7531833717994,2364.034 9.94415051447862,46.7532200427425,2362.23699999999 9.94415552904566,46.7532515767525,2361.387 9.94414202543071,46.7532754533938,2360.617 9.94407807945516,46.753310274782,2359.35400000001 9.94404067993551,46.7533510922204,2358.564 9.94398224884178,46.7534087785416,2357.24000000001 9.94394486920937,46.7534322794382,2356.60799999999 9.94390228973153,46.7534385694306,2356.193 9.9438742017173,46.7534484292226,2355.93700000001 9.94386392362222,46.7534701469928,2355.364 9.94387221861298,46.7535004209758,2355.12699999999 9.94389440004377,46.7535229380113,2354.534 9.94393672597842,46.7535297846438,2354.14 9.94396176151788,46.7535432749593,2353.785 9.94398318332482,46.753560435637,2353.37 9.94400131587317,46.7535606404705,2353.09299999999 9.94402844623726,46.7535597567137,2353.073 9.94405957231517,46.753571025257,2352.678 9.94408024552729,46.753592081372,2352.105 9.94409644823349,46.7536096446399,2351.71000000001 9.94413352864749,46.7536166063912,2351.33500000001 9.94416358706659,46.7536347653813,2350.60400000001 9.94419318606688,46.7536621954912,2350.031 9.94420483886911,46.7537106117897,2348.59 9.94421612346335,46.7537435021094,2347.504 9.94425349470412,46.7537913626063,2346.45699999999 9.94429166752345,46.7538454785145,2345.05499999999 9.94432588528848,46.7538880352222,2344.40300000001 9.94437460740823,46.7539341523931,2343.92999999999 9.94443705659167,46.7539964021333,2342.64599999999 9.94446229315239,46.7540313890209,2341.796 9.94449968127701,46.7540705910375,2341.08500000001 9.94450706315607,46.7541017760404,2340.394 9.94449270122399,46.7541274715783,2340.038 9.94446686457442,46.7541528071279,2339.268 9.94444422870432,46.7541664353256,2338.696 9.94440714249936,46.7541773838679,2338.39999999999 9.94435949555177,46.7541870703247,2337.92600000001 9.94431940911143,46.7541864386804,2337.234 9.9442696700953,46.7542015440658,2336.899 9.94424283697696,46.7542260104412,2336.306 9.94422174501931,46.7542596117685,2335.496 9.94421552937942,46.7543039294462,2334.52800000001 9.94422908801907,46.7543257357812,2334.094 9.94424131662756,46.7543493533304,2333.32399999999 9.94424744009217,46.7544193831394,2331.803 9.94425987546393,46.7544468841621,2331.389 9.94425935501517,46.7544728696968,2330.776 9.94426960208711,46.7545040007897,2330.598 9.94426879014831,46.7545335747403,2330.105 9.94425478845096,46.7545571653222,2329.69 9.94423107313795,46.7545684231677,2329.314 9.94419114098794,46.7545618210599,2329.235 9.9441520951299,46.7545540024708,2328.52499999999 9.94412034063283,46.7545576788004,2328.50599999999 9.94411394127839,46.7545718503827,2328.308 9.94411720222609,46.7545881948394,2328.012 9.9441305849083,46.7545977650012,2327.87300000001 9.94413723381138,46.7546238900985,2327.182 9.94414804530697,46.7546657548491,2326.372 9.94412956698783,46.7547482589519,2324.45600000001 9.9441053032699,46.7548296930881,2322.995 9.94411016421381,46.7548672154936,2322.14599999999 9.94412534368164,46.7548836042281,2321.96799999999 9.94415137938316,46.7548890175198,2321.87 9.94420378255293,46.7548968397882,2321.139 9.94424805024375,46.7548952916541,2320.74400000001 9.94429889898683,46.7549189700787,2319.874 9.94433874325411,46.7549417021496,2318.749 9.94437442899583,46.7549403334374,2318.196 9.94441676415861,46.7549203146048,2317.821 9.9444378479144,46.7549132905356,2317.624 9.94452562047069,46.7549137838375,2316.61599999999 9.94455618359842,46.7549146155839,2316.34 9.94461172523768,46.7549367057953,2315.13499999999 9.94467320639171,46.7549538865042,2313.92999999999 9.94469926755471,46.7549688571535,2313.594 9.94468509761765,46.7549981215075,2312.923 9.94466877538755,46.7550219341098,2312.59299999999 9.9446567962786,46.7550504393368,2311.935 9.94464437318285,46.7551031914141,2310.53599999999 9.94464430180335,46.7551506591776,2308.90399999999 9.94463589861024,46.7551800308642,2307.973 9.94461390778534,46.7552182420184,2307.273 9.9446099895144,46.7552339521416,2306.807 9.94461263446506,46.7552601381567,2306.10799999999 9.94458926983468,46.7552795064013,2305.408 9.94458310494037,46.7552970298737,2304.942 9.9445657089442,46.7553239440533,2304.243 9.944529630159,46.7553731926461,2302.95 9.94452671869397,46.7553976016883,2302.145 9.94454941329926,46.7554522554739,2300.514 9.9445824125915,46.7555173029754,2299.348 9.94459856526927,46.7555717944327,2297.95 9.94459029910669,46.7556041151145,2297.484 9.94456901741009,46.7556375856599,2296.785 9.94454639778387,46.7556628415521,2296.318 9.94453441850784,46.7557152868592,2295.386 9.94450459510491,46.7557557220156,2294.45299999999 9.94448499396704,46.7557856276191,2293.98699999999 9.94446810484737,46.7558425997648,2292.821 9.94443792700773,46.7558759776568,2291.65700000001 9.94441002779609,46.7558980914536,2290.02499999999 9.94439923392258,46.7559166075747,2289.55899999999 9.94439929760977,46.7559472692964,2288.859 9.94441154938287,46.7559691223166,2287.927 9.94448243278741,46.7560448578949,2286.762 9.94451228887614,46.7560831363433,2285.83 9.94452766970951,46.7561311647348,2284.431 9.9445378082997,46.7562230394301,2282.548 9.94454707838207,46.756280463063,2280.89 9.94455213189448,46.7563215542373,2279.942 9.94453708126229,46.7563344218363,2279.705 9.94450588649545,46.7563574810328,2279.231 9.94449067369797,46.7564031933148,2278.045 9.94449672846621,46.7565165147822,2275.202 9.94449383231493,46.7565375934692,2274.914 9.94447188066215,46.756557227643,2274.67999999999 9.94447467766535,46.7566061174056,2274.21400000001 9.94445844173504,46.756637713095,2273.981 9.94446475404075,46.7566720805996,2273.74800000001 9.94450880174747,46.7567336454724,2273.048 9.9445241402163,46.7567613257161,2272.58199999999 9.94461025739335,46.7568137405775,2271.41800000001 9.94462350923341,46.7568759637721,2270.71799999999 9.94464864074118,46.7569055619245,2270.32399999999 9.94465619849606,46.756948686101,2270.087 9.94464655668411,46.7569736749626,2269.613 9.94459454984361,46.7570177923503,2268.902 9.94456459394337,46.7570508863827,2268.15399999999 9.94453529188405,46.7571219821923,2266.988 9.94456807287259,46.7571828764851,2266.118 9.94459036842032,46.7571985148821,2265.643 9.94462898710523,46.7572072427477,2265.16899999999 9.94465121134853,46.7572306407295,2264.69500000001 9.94465222415622,46.7572673476271,2263.747 9.94464931425154,46.7573199537402,2262.56200000001 9.94466117796831,46.7573635863459,2261.37699999999 9.9446696094506,46.7574055033263,2260.667 9.94464952670548,46.757440270537,2260.193 9.94463031616141,46.7574732365806,2259.482 9.94463108664602,46.7575323318847,2258.533 9.94462256203884,46.7575692392484,2257.822 9.94463625597026,46.7576023826198,2257.58500000001 9.94464265581033,46.7576329951786,2256.874 9.94461467913099,46.7576807788014,2256.163 9.9446107892172,46.7577238573968,2255.69 9.94459363809091,46.7577690092465,2254.97900000001 9.94460246512644,46.7578270366036,2254.149 9.94459613973102,46.7578692776829,2253.43799999999 9.94460666851892,46.7579326406851,2252.727 9.94461625515819,46.75795124021,2252.253 9.94465137632737,46.7579928860172,2251.068 9.94466613547709,46.7580280939987,2250.595 9.94465392548088,46.7580764313457,2249.90300000001 9.94464820760201,46.758121035093,2249.17200000001 9.94465355285219,46.758158537838,2248.382 9.94467582236699,46.7581738887966,2247.928 9.94469290516986,46.758172325603,2247.73 9.9447455154143,46.7581482020225,2247.217 9.94479885259759,46.7581467515367,2247.197 9.94488234796828,46.7581655456941,2247.197 9.94493236273104,46.7582089522952,2247.019 9.94499426349285,46.7582249356873,2246.842 9.94504014514199,46.7582538079734,2246.50599999999 9.9450335524563,46.7583088800023,2245.519 9.94503623385515,46.7583679423324,2244.749 9.94505019024565,46.7584061559155,2243.74099999999 9.94508873530922,46.7584313013261,2243.07000000001 9.94520629741567,46.7584983251218,2241.41 9.94526510242208,46.7585457235052,2241.371 9.94528654589284,46.7585900456123,2241.05499999999 9.94527997597891,46.7586188550538,2240.69899999999 9.94524941694914,46.7586896726467,2240.048 9.94518753050837,46.7588077535885,2238.33 9.94509396059291,46.7588685882381,2237.105 9.94506540218481,46.758914287729,2236.572 9.94504620818295,46.7589267783891,2236.58100000001 9.94500359391886,46.7589560645467,2236.023 9.94497162602185,46.7589780158118,2235.731 9.94495316525934,46.7590496385722,2235.067 9.94494880940019,46.7590863553861,2234.601 9.9449733587492,46.7591250923068,2234.13400000001 9.94497438809839,46.7591475067815,2233.901 9.94493928920179,46.759203510934,2233.43399999999 9.94491047173583,46.7592239349735,2233.2 9.94484634447354,46.7592451435533,2232.266 9.94482965705587,46.7592664801511,2232.033 9.94482469852338,46.7593234692685,2231.28599999999 9.94483777306805,46.7593663732607,2231.13099999999 9.94484184830405,46.7594019058839,2230.819 9.94486270809856,46.7594384648568,2230.508 9.94489089913539,46.7594665197706,2230.32000000001 9.94492063213046,46.7595066098543,2230.554 9.94496568479242,46.7595460754364,2230.32000000001 9.94497742774024,46.7595690735897,2230.197 9.94497529900684,46.7595936994383,2230.32000000001 9.94495876681323,46.7596082376181,2230.32000000001 9.9449148388877,46.7596261855397,2230.041 9.9448556141905,46.7596756635347,2229.57399999999 9.944815230372,46.759702236605,2229.57399999999 9.9447381202375,46.7597399753161,2229.26300000001 9.94469461686942,46.7597662118538,2229.41800000001 9.94468598633047,46.7597811344534,2229.57399999999 9.94468708659265,46.7598197204265,2229.73 9.94466292797594,46.7598552881274,2229.73 9.94465571426861,46.7598882876714,2229.57399999999 9.94462124507257,46.7599153247717,2229.88499999999 9.94461887585183,46.7599249258374,2229.73 9.94458695327696,46.7599535000039,2229.26300000001 9.94458109051608,46.7599679568081,2229.107 9.94458195686046,46.7600153139475,2228.79700000001 9.94456887193098,46.7600347083756,2228.641 9.94457502211119,46.7601030365484,2228.485 9.94456751619887,46.7601294724784,2228.485 9.9445739869278,46.7601703345158,2228.485 9.94459377649611,46.7602244311011,2228.329 9.94459787534497,46.7602607552111,2228.329 9.94458735504257,46.76030995542,2228.796 9.9445610208813,46.7603592959157,2228.951 9.94453563437695,46.7604090205941,2228.796 9.9445080484562,46.7604581995637,2228.64 9.94448884050117,46.7605075815442,2228.64 9.94447841553496,46.760545034605,2228.64 9.94447351791255,46.7605881353028,2228.484 9.94447500516081,46.760656169872,2228.174 9.94447169691646,46.7606934576465,2228.018 9.94445631032791,46.7607447537067,2227.70699999999 9.94445190717009,46.7607852515346,2227.86199999999 9.94445202098605,46.760808541113,2227.70699999999 9.94443581544969,46.7608487041155,2227.084 9.94442319666979,46.760899534387,2226.617 9.94443346967344,46.7609351379147,2226.617 9.94446052196084,46.7609781219979,2226.773 9.94447105688404,46.7610055567439,2226.773 9.9444675826184,46.7610460341725,2226.773 9.94445468354425,46.7611046376266,2226.773 9.94441783185645,46.7611548120367,2226.773 9.9443972715672,46.761187510632,2226.461 9.94438383550113,46.7612061207364,2226.306 9.94440276076437,46.7612548633137,2226.14999999999 9.9444014740466,46.7612747906339,2225.99400000001 9.94437778797252,46.7613278619296,2226.14999999999 9.94434076436327,46.7613740620708,2225.99400000001 9.94433049555658,46.7614013596464,2225.99400000001 9.94434015933661,46.7614508996033,2225.83900000001 9.94434915484506,46.7615066282537,2225.683 9.94436695156128,46.7615508146035,2225.683 9.94436008202804,46.761605307624,2225.83900000001 9.94434718325777,46.7616292789393,2225.527 9.94429672947033,46.7616666209371,2225.372 9.94427152651102,46.7617135514905,2225.527 9.94425229067022,46.7617691080405,2225.372 9.94421975189281,46.7617976955996,2225.372 9.94422607222003,46.761815043876,2225.624 9.94423132137083,46.7618808988234,2226.086 9.9441988429988,46.7619395181409,2225.583 9.94416057413296,46.7620076786171,2225.675 9.94418340356627,46.7620502514859,2225.928 9.94415676426079,46.7621006605539,2226.302 9.94407457525394,46.7622061454384,2225.515 9.94399064569115,46.7622753263619,2225.325 9.94394984532792,46.7623341193052,2225.228 9.94390464745944,46.7623876267604,2225.243 9.94387144117258,46.7624314479046,2225.137 9.94383102989852,46.7624552311561,2225.42200000001 9.9438210408744,46.762549689722,2225.469 9.94384628978316,46.7625989505575,2225.076 9.94384089985213,46.7626596480601,2225.145 9.94386984559702,46.762699404705,2224.99000000001 9.94385116141126,46.7627428980183,2225.429 9.94376749471566,46.7627743718715,2225.02099999999 9.94373328531662,46.7627549268101,2224.81 9.94369937761959,46.7627839492508,2225.02 9.94362141251896,46.7628045337999,2225.57000000001 9.94354531299116,46.7628210183322,2225.92600000001 9.94351813319547,46.7628606660599,2225.777 9.94346689389551,46.762918337944,2225.476 9.9434077364287,46.7629411915123,2224.944 9.94334974357318,46.7629882565497,2224.61900000001 9.94331516935913,46.763046903574,2224.27499999999 9.94325355517424,46.7631048210694,2223.306 9.94318122678062,46.7631562416645,2222.762 9.94310260732684,46.7632064412771,2222.557 9.94302418884286,46.7632606864316,2222.564 9.94295814969888,46.7633133008521,2222.452 9.94296075472324,46.7633670998126,2221.864 9.94297749437265,46.763412506558,2221.575 9.9430064398849,46.7634522634181,2221.414 9.94300287779292,46.7635506218284,2221.03200000001 9.94302239830385,46.7636107725749,2221.14 9.94301857482922,46.7636606716047,2220.84600000001 9.94297311155066,46.7637087934492,2219.875 9.94292589186056,46.763806768935,2218.674 9.94288606770706,46.7638426529594,2217.667 9.94285200608023,46.76391207059,2217.004 9.94279948789015,46.7639859432302,2215.827 9.94273305978084,46.7640304930088,2214.997 9.94267720775291,46.7640788516851,2214.43399999999 9.9426294632238,46.7641229914243,2214.33100000001 9.94256816107307,46.7641445415737,2214.423 9.94253262202847,46.7641830224447,2214.182 9.94252510095162,46.7642424255947,2213.713 9.9425160126714,46.7643126361528,2214.075 9.94249014675251,46.7643791828229,2213.253 9.94246492041517,46.7644160873909,2212.605 9.94237454570564,46.7644382843022,2212.007 9.9423355724839,46.764491654479,2211.95 9.94230338944435,46.7645569896917,2211.80100000001 9.94230565481917,46.7646040550841,2211.996 9.94224826073078,46.7646632203784,2211.54399999999 9.9421953261958,46.7647290108179,2211.175 9.9421661398227,46.7647700521948,2210.554 9.94210904705283,46.7647928597322,2210.026 9.94205586243533,46.7648532735758,2209.099 9.9420282273386,46.7649265819414,2208.90399999999 9.94203058131148,46.7649749953909,2208.76300000001 9.94204384958165,46.7650170134025,2208.874 9.94204717097374,46.7650662336309,2208.751 9.94206262989492,46.765108041584,2209.186 9.94205919277298,46.7651459800532,2209.14999999999 9.94204618131998,46.765179124545,2208.955 9.94203953073919,46.7652149915025,2209.19 9.94202112601883,46.7652439702942,2208.503 9.94199456556916,46.7652767009968,2208.21400000001 9.94195924566402,46.7652996248239,2208.152 9.94193233317761,46.7653244972191,2208.239 9.9419264155971,46.7653569730824,2208.632 9.94189930823221,46.7653979507711,2209.07399999999 9.94182911850986,46.7654506734875,2209.454 9.94175437930822,46.7654954049338,2209.454 9.94172992821582,46.7655484563334,2209.065</coordinates></LineString>
  </Placemark>
  <Placemark>
	<styleUrl>#green</styleUrl>
      <LineString><coordinates>9.92391957355539,46.7809122765824,2004.217 9.92385903118866,46.7809253035796,2003.658 9.92380708010568,46.7809416714801,2002.902 9.92375568192767,46.7809694572317,2001.912 9.92368272714956,46.7810110501337,2000.8 9.92362040598758,46.7810428895785,2000.126 9.92355479644235,46.781063370659,1999.444 9.9234779384618,46.7810802805829,1999.304 9.92344093129998,46.7810957020208,1999.05499999999 9.92340897931518,46.7811269882851,1998.878 9.92337841910115,46.7811665781797,1998.451 9.92335158333906,46.7811991480514,1997.735 9.92334902564231,46.7812311804714,1997.56600000001 9.92331088982836,46.7812820681507,1995.901 9.92326669562965,46.7813115328511,1994.963 9.92317361682247,46.7813559753995,1992.855 9.92303010589892,46.7814042874405,1991.81 9.92295718332381,46.7814468871425,1991.64 9.92294011190936,46.7814715944685,1990.766 9.92293067341913,46.7815524392236,1989.66099999999 9.92288753201428,46.7815825828496,1989.30899999999 9.92285667030442,46.7816139442163,1988.73 9.92281714032509,46.7816334793075,1988.28 9.92278331338592,46.7816474183235,1988.557 9.92275531595808,46.7816585034952,1988.64599999999 9.92274028671465,46.7816774963938,1987.825 9.92270727441329,46.7816946126327,1987.315 9.92266543981108,46.7817073578749,1987.11199999999 9.9226442747756,46.7817228483059,1986.901 9.92263342100515,46.7817463042929,1986.448 9.92261193693225,46.7817690825994,1985.78200000001 9.9225888873274,46.7817868910079,1985.511 9.92255180806387,46.7818033217008,1985.292 9.92246699091382,46.781829494022,1985.72 9.9224232404588,46.7818464388231,1985.35000000001 9.92236830107632,46.7818622410629,1985.442 9.92232173792729,46.7818841069804,1985.537 9.92227713959152,46.7819045441417,1985.83 9.92220729959152,46.7819262234432,1986.49000000001 9.92214687592532,46.7819546457842,1986.41099999999 9.92208977718257,46.7819892597045,1985.382 9.92207035609766,46.7820070610626,1984.56 9.9220677698481,46.7820606578709,1982.954 9.92197405538755,46.7821356949542,1982.304 9.92193022473663,46.7821727921286,1981.806 9.92185876316228,46.7822286521865,1980.319 9.92186216143276,46.7822694019122,1978.88499999999 9.92183364044111,46.7823103509771,1977.413 9.92183400071915,46.7823548297557,1975.804 9.92181617695075,46.7823947811272,1974.423 9.92181224821653,46.7824405771912,1973.363 9.9217793103177,46.7824758083678,1972.86599999999 9.92174003515885,46.7825492110499,1972.00999999999 9.92172219759647,46.782565843906,1971.698 9.92164304344241,46.7826424269557,1970.492 9.92160891515806,46.7826805459439,1970.17 9.92153911245996,46.7827985681461,1969.101 9.92150433861817,46.7828579319517,1968.58500000001 9.92144846130695,46.782914811754,1968.507 9.92137855601042,46.7829655256713,1968.65700000001 9.92133609251892,46.7829862580022,1968.58500000001 9.92128483328639,46.7830398693107,1967.677 9.92125743543845,46.7830821797709,1967.389 9.92122019494114,46.7831309592158,1967.284 9.92118984072081,46.7831969677364,1966.808 9.921171139365,46.7832522919321,1966.458 9.92112658822889,46.783295677372,1966.178 9.92110496514645,46.783353846065,1965.42200000001 9.92108335217769,46.7833897757344,1965.55100000001 9.92104746185895,46.7834232258917,1965.35799999999 9.92104834882928,46.7835087148254,1964.053 9.92104760173179,46.7835803524183,1963.735 9.92103358467098,46.7836494795941,1963.747 9.92100888712359,46.7837063291282,1963.757 9.92093347464307,46.7838490966438,1963.395 9.92089773198465,46.7839298290961,1962.689 9.92084689863085,46.7839907208445,1962.414 9.92079895744076,46.7840265209155,1962.11900000001 9.92074654269324,46.7840533823151,1962.11599999999 9.92068571619751,46.7840950244412,1961.829 9.92062880647108,46.7841338094027,1961.599 9.92058594962743,46.78417020083,1961.22900000001 9.92051860140698,46.7842022467413,1960.93700000001 9.92043878459076,46.784249179537,1960.526 9.92034299730349,46.7842790716194,1960.069 9.92027897331095,46.7843173000582,1959.496 9.92018727568706,46.7843478050962,1959.02 9.92011989511476,46.7843791584714,1958.723 9.92006671220489,46.7843893594009,1958.683 9.92004318090758,46.7844058547296,1958.50599999999 9.91999151159224,46.7844264446228,1958.03599999999 9.91994260983154,46.7844414123919,1957.60000000001 9.91988939452268,46.7844509119477,1957.156 9.91985123440522,46.7844573032898,1956.96400000001 9.91981897460405,46.7844600924144,1956.72500000001 9.91978014222852,46.7844956940586,1956.23299999999 9.91972881442911,46.7845461741136,1955.539 9.91967531056597,46.7845932184694,1954.81 9.91961954807329,46.7846347499379,1954.25199999999 9.91955617984159,46.7846653317734,1954.077 9.91950035684444,46.7846839327215,1953.92600000001 9.91938946103091,46.7847593318514,1953.033 9.91936402892639,46.7847786583086,1952.878 9.91933184796777,46.7848050703417,1953.192 9.91928160105849,46.784878467461,1952.29700000001 9.91922594014331,46.7849227864875,1952.664 9.91919393491651,46.7849749254008,1951.77099999999 9.91915880047085,46.7850034985337,1951.448 9.91912558036497,46.7850292580883,1951.329 9.91908682967156,46.7850669366793,1951.76700000001 9.91906941860296,46.7851062395832,1951.802 9.91903376907727,46.7851452547593,1951.391 9.91902507151211,46.7851760344206,1950.887 9.9189515881403,46.7852951247676,1949.07799999999 9.91890349658888,46.7853712468384,1948.82000000001 9.91884593067175,46.7854399427968,1947.659 9.91884807589003,46.7855087274849,1946.607 9.91882630275036,46.7855634249521,1946.31 9.91881525856568,46.7856095464146,1945.967 9.91880921484195,46.7856979668041,1945.341 9.91882118702161,46.7857818378426,1944.50900000001 9.9188242244369,46.7858478041736,1944.16099999999 9.91880775986408,46.7859079572456,1943.97100000001 9.91881251022542,46.7859453926571,1943.705 9.91881100767129,46.7860225995012,1943.72500000001 9.9188351321317,46.7861068905241,1942.798 9.91883637948514,46.7861339801447,1942.762 9.91882084305428,46.7861704702962,1942.814 9.91882021805798,46.7862226293332,1942.565 9.91881460389384,46.7862762737435,1942.19899999999 9.91879852384381,46.7863009588227,1942.05499999999 9.91876779117503,46.7863292561824,1941.982 9.91872798012473,46.786400275307,1941.50599999999 9.91869889446926,46.7864671914623,1941.296 9.91868302141735,46.7865182867489,1940.507 9.91868459270201,46.7865544052367,1940.10400000001 9.91867528935416,46.7865942339212,1939.58 9.91864946902482,46.7866267804849,1938.965 9.91862994950661,46.7866425043458,1938.541 9.91862441326858,46.7866864631478,1938.139 9.91860713487795,46.7867343579814,1937.94100000001</coordinates></LineString>
  </Placemark>
  <Placemark>
	<styleUrl>#green</styleUrl>
      <LineString><coordinates>9.9331823592676,46.7754879038393,2070.887 9.93310517090843,46.7755732724993,2070.439 9.93307988037441,46.7756104550862,2070.09600000001 9.93301535797465,46.7756341130722,2069.948 9.93297088885076,46.7756628047786,2070.111 9.93294706013854,46.7757089283582,2069.7 9.93294065310631,46.7757490822393,2069.327 9.93295110843258,46.7757929716167,2068.8 9.9329343817182,46.7758354570037,2068.564 9.93292862835132,46.7758752995995,2068.16899999999 9.93292686876589,46.7758876590105,2068.084 9.93292579339721,46.775894990486,2068.04300000001 9.93292803509544,46.7759632152739,2067.461 9.93293016902218,46.7759948755374,2067.274 9.93293170638462,46.7760176118668,2067.375 9.93290584171151,46.7760865408467,2067.17200000001 9.93291445288456,46.7761353035094,2066.95699999999 9.93288152238536,46.7761871519435,2066.724 9.9328691444188,46.7763198929816,2065.99099999999 9.93288314133195,46.7763726509426,2065.739 9.93284225302397,46.7764322962278,2065.652 9.9327801051115,46.7764962310297,2065.569 9.93275984870578,46.7765170945816,2065.67200000001 9.93276019565698,46.776610893677,2065.08 9.93275494399579,46.7766751602081,2064.537 9.93273301651344,46.7767391611173,2063.99099999999 9.93267070299921,46.7768083014468,2063.876 9.93264454513624,46.7768380868893,2064.003 9.93262228286926,46.7768634492236,2064.00199999999 9.93261438091117,46.776872450846,2063.965 9.93259115107727,46.7769309631963,2063.727 9.93258237620195,46.7769870447206,2063.583 9.9326019270786,46.7770465843351,2063.001 9.93260547792852,46.7771416814109,2062.61199999999 9.93258173152699,46.7772546908444,2061.90300000001 9.93256654380512,46.7773723192549,2061.28200000001 9.93257181202515,46.7774060350275,2060.99000000001 9.93258559671656,46.7774375127314,2060.73 9.93260036391459,46.7774604999978,2060.52800000001 9.93260068480853,46.7774821469079,2060.281 9.93258810879592,46.7774991346208,2059.98699999999 9.93255129519812,46.7775180648876,2059.768 9.9325123105409,46.7775495255301,2059.751 9.93249677571567,46.7775764598403,2059.446 9.93247651014638,46.7776084564866,2059.026 9.93246167320662,46.7776473544993,2058.651 9.93244442533077,46.7776791682091,2058.41800000001 9.9324083565016,46.7777085311152,2058.26300000001 9.93239246236674,46.7777245922992,2058.295 9.93239124050634,46.7777431949237,2057.90700000001 9.93239236379848,46.7777674612917,2057.637 9.93237686585055,46.7777920817852,2057.06299999999 9.93233488472696,46.7778287198037,2056.345 9.93229623960248,46.7778924288229,2056.212 9.93225666966291,46.7779361601066,2056.209 9.93222963761941,46.7779810394719,2055.746 9.93219200301959,46.7780218664624,2055.679 9.93214854805541,46.778071388551,2055.425 9.9321309439712,46.7781082499663,2054.886 9.93212579687673,46.7781190363613,2054.827 9.93209655182591,46.7781611110432,2054.944 9.93207923740384,46.7781914951467,2055.065 9.93207593411721,46.7782101342312,2055.228 9.93210525710585,46.7782458805475,2055.32000000001</coordinates></LineString>
  </Placemark>
  <Placemark>
	<styleUrl>#green</styleUrl>
      <LineString><coordinates>9.91872493196695,46.7869552847121,1937.308 9.91873895438749,46.7869815208153,1937.281 9.91875669476851,46.7870011422173,1937.33 9.91880327071011,46.7870186972051,1937.5 9.91885353653867,46.7870261821176,1937.90300000001 9.9189203603195,46.7870318762986,1938.444 9.91899067604228,46.7870232027244,1938.863 9.91906093900047,46.7870130992675,1939.374 9.91908969569997,46.7870053375556,1939.829 9.91911457340324,46.7869895961987,1940.308 9.91914405864599,46.7869598138712,1940.09299999999</coordinates></LineString>
  </Placemark>
  <Placemark>
	<styleUrl>#green</styleUrl>
      <LineString><coordinates>9.93118594850848,46.7788410561091,2050.484 9.93119700374324,46.778855457641,2050.454 9.93120083493419,46.778878233882,2050.38099999999 9.93118588690089,46.7789147581308,2050.27 9.93112248380188,46.7789828142942,2050.565 9.93101278386092,46.77906902622,2051.353 9.93090791541898,46.7791398956122,2052.181 9.9307690999871,46.7791962691181,2052.74099999999 9.93057228568203,46.7792577155943,2052.776 9.93043587884314,46.7793064131351,2052.052 9.93026738661125,46.7793805787478,2050.89200000001 9.93010183130752,46.7794584869798,2049.65399999999 9.92999283758408,46.7795155495938,2048.74000000001 9.92988997589839,46.7795771672464,2047.732 9.92974326775419,46.7796649055493,2046.46000000001 9.92964525254023,46.7797194332384,2045.91800000001 9.92958531646054,46.7797350330896,2045.658 9.92953500168112,46.7797337460462,2045.417 9.92949446061747,46.7797191507775,2045.273 9.92947248062826,46.7796934405355,2045.09699999999 9.92947094081681,46.7796601383084,2044.834 9.92948811315075,46.7796192728036,2044.43799999999 9.92957681408143,46.7795137567648,2043.136 9.92968933934233,46.779398198786,2041.697 9.92974874709198,46.7793337856465,2041.117 9.92976608458443,46.779296498469,2040.852 9.9297631471495,46.7792703727056,2040.62300000001 9.92974322489407,46.7792517635724,2040.349 9.92970663401511,46.7792477921246,2039.958 9.92965995296041,46.7792499988292,2039.512 9.92952649680004,46.7792874439319,2038.13 9.92937800302849,46.7793371239356,2036.538 9.92928590110882,46.7793792823591,2035.64200000001</coordinates></LineString>
  </Placemark>
  <Placemark>
	<styleUrl>#green</styleUrl>
      <LineString><coordinates>9.91865993162828,46.7868062093174,1937.359 9.91872493196695,46.7869552847121,1937.308</coordinates></LineString>
  </Placemark>
  <Placemark>
	<styleUrl>#green</styleUrl>
      <LineString><coordinates>9.93320761803408,46.7754500379227,2071.05499999999 9.9331823592676,46.7754879038393,2070.887</coordinates></LineString>
  </Placemark>
  <Placemark>
	<styleUrl>#green</styleUrl>
      <LineString><coordinates>8.69184887889977,47.0655423559638,1542.41800000001 8.69204374302574,47.065652563569,1543.177 8.69211963457126,47.0656802978042,1543.751 8.69218951343913,47.0656890618404,1544.303 8.69225961463156,47.0657073323065,1544.92999999999 8.6923744626285,47.0657327428709,1547.02800000001 8.69248724568745,47.0657886367349,1547.317 8.69259489319273,47.0658636223651,1547.21000000001 8.69276711972619,47.0659588545413,1547.855 8.69286344120995,47.0660263529099,1549.02 8.69299298676807,47.0660839793628,1550.66499999999 8.69320368107218,47.066155940517,1553.808 8.69333866103126,47.0662077766805,1555.77 8.69339535913413,47.0662490610587,1556.789 8.69343799710541,47.0662847685282,1557.497 8.69354153273224,47.0663026728496,1560.049 8.69366744214127,47.0663241468934,1563.485 8.69374581412291,47.0663385297012,1564.822 8.69376841042216,47.0663516059655,1564.992 8.69377169133258,47.0663725220709,1564.879 8.69376691261533,47.0664068495305,1563.822 8.69378160977791,47.0664390659215,1562.696 8.6937851445425,47.0664713863339,1561.477 8.69376909643663,47.0665001244391,1560.435 8.69376940871254,47.0665134622743,1560.098 8.6937401029453,47.0665709079761,1558.645 8.69373029117481,47.0666281405942,1557.25599999999 8.69378519640318,47.0669493406992,1550.01300000001 8.69378689026933,47.06702168698,1548.587 8.69382669415445,47.0670555271061,1548.179 8.69384982566464,47.0670914476523,1547.084 8.69383710282404,47.0671429995587,1547.15700000001 8.69385763558496,47.0671865772207,1547.317 8.69401731092074,47.0673409683129,1546.678 8.69406942348339,47.0674241884366,1546.594 8.69409264462194,47.0674639223097,1546.908 8.69408050136038,47.0675402162309,1547.067 8.69405654026671,47.0675880766725,1546.304 8.69401737811892,47.0677008573688,1545.318 8.69400501207644,47.0677676448133,1545.383 8.69397322721995,47.0678384409104,1545.20699999999 8.69397302209678,47.0679488795153,1544.78599999999 8.69391479760819,47.0680809133383,1545.64999999999 8.69388731869721,47.0682164073989,1546.11900000001 8.69387624500786,47.0683383988672,1547.45 8.69384379122873,47.0683806485471,1547.61599999999 8.69382997123612,47.0685045682058,1548.401 8.69381139938279,47.0685447589546,1548.59299999999 8.69382127363509,47.0686093960822,1548.159 8.69381398474627,47.0686551760332,1547.84 8.69376530359161,47.0687185460218,1547.549 8.69371414355709,47.0687952663309,1546.10000000001 8.69368547186704,47.0688792885722,1544.057 8.69369274514991,47.0689672450793,1542.43399999999 8.69367255733105,47.0690610253356,1540.227 8.69354098488979,47.0692821844049,1534.894 8.69341738165572,47.0696908432149,1524.564 8.69343314041034,47.0697520695025,1523.452 8.69346097545803,47.0698004523158,1522.226 8.69346945544905,47.0698533467679,1521.45299999999 8.69346649581091,47.0699035324487,1519.573 8.69346226507933,47.0699438542847,1518.53 8.69346087609978,47.0699728279553,1517.711 8.69342784397537,47.0700191140674,1516.196 8.69337307520066,47.0700649269844,1514.039 8.6933334823688,47.0700964411644,1512.507 8.69332068710124,47.0701241360644,1511.63499999999 8.6933001704787,47.0701752242567,1510.878 8.69327408044966,47.0702087139662,1510.28 8.69322155593567,47.0702452272925,1509.895 8.69318859434154,47.0702748517563,1509.649 8.69307888817138,47.0703503131459,1508.974 8.69303550556445,47.0704021998315,1508.421 8.69301419932199,47.0704443184702,1508.15700000001 8.69301571399826,47.0705090469484,1508.375 8.69296796567341,47.0706123940752,1507.325 8.69295028327432,47.0706906554794,1507.12300000001 8.69292623095393,47.0707347202638,1507.836 8.69286599624534,47.0707810784107,1508.52899999999 8.69275043989991,47.0708451782955,1509.315 8.69275150881632,47.0708908668683,1508.16499999999 8.69274095107796,47.070915730471,1507.482 8.69269173216588,47.0709562556877,1506.228 8.6926980131199,47.0709866569255,1505.556 8.69274172351907,47.0710680621833,1504.37 8.69277591682421,47.0711000567668,1504.245 8.69277654030407,47.0711267054348,1503.742 8.69275769951945,47.0711554738482,1503.107 8.69271675046753,47.0711921034014,1502.208 8.69272016466556,47.0712187215927,1501.772 8.69276019382976,47.0712620865063,1501.39999999999 8.69276112914608,47.0713020640039,1501.18399999999 8.69273836772094,47.0714013237709,1499.659 8.69271039429147,47.0715158798588,1498.58100000001 8.69270822719058,47.0715425679951,1498.36500000001 8.6927257025162,47.0715747451597,1497.87699999999 8.6927987361911,47.0715987048612,1497.868 8.69283832000295,47.0716230208501,1497.29700000001 8.69286402115836,47.0716494046213,1497.075 8.69286765810353,47.0716855382584,1496.989 8.69287523092862,47.0717711434979,1496.599 8.69290739159298,47.0718355462392,1495.716 8.69288373919612,47.0718967262268,1495.43399999999 8.69289298939933,47.0719347147254,1495.399 8.69292736159955,47.0719743270159,1495.736 8.6929310434357,47.0720123763302,1495.601 8.6929069900852,47.0720564231105,1495.257 8.69290837125355,47.0721154494917,1495.08100000001 8.69288684136906,47.0721480436458,1494.914 8.69286243185592,47.0721768728876,1494.242 8.69284924840555,47.0722093938688,1494.02899999999 8.6928584986383,47.0722473823676,1493.803 8.69287413185458,47.0723195583354,1493.378 8.69290571348195,47.0723592011095,1492.88 8.69293221684973,47.0724198512786,1492.22199999999 8.69294703563529,47.0724577789486,1491.663 8.6929259065485,47.0725075063159,1491.60400000001 8.69292949918812,47.0725417422505,1491.579 8.6929511784711,47.0726348220979,1491.04700000001 8.69295823016308,47.0726975828942,1490.19100000001 8.69298247708604,47.0727810898183,1488.883 8.69297842350261,47.0728458880806,1487.28200000001 8.69299719125513,47.0729332691959,1485.443 8.69299729622241,47.0730570454976,1483.08900000001 8.69300371103276,47.0730931487799,1482.427 8.69303255994023,47.0731347195459,1481.814 8.69310059343725,47.0731834909769,1481.23699999999 8.69313514466712,47.0732307119564,1481.06 8.69317769919196,47.0732626240825,1480.821 8.69322689168261,47.0733401639032,1481.42 8.69322894117472,47.0734277276164,1481.3 8.69325235554914,47.0734750702261,1481.834 8.69327121322712,47.0735662646592,1482.41 8.69331088796836,47.0735943938492,1482.935 8.69334809725696,47.0736358911895,1483.21000000001 8.69339945718244,47.0736867427941,1483.501 8.69341476657423,47.0737455989819,1484.473 8.69343963915641,47.0738557814211,1485.391 8.69346756970642,47.0739773375039,1486.84 8.69353429770737,47.0740889607556,1487.96400000001 8.69362021051828,47.0741870330957,1488.734 8.69364334496958,47.0742229536288,1489.546 8.69367461641193,47.0742492763493,1489.701 8.69367313145244,47.0743045196761,1490.587 8.69366282774529,47.0743408056218,1491.23699999999 8.69359972259007,47.0743833811004,1492.17600000001 8.69358973109542,47.0744330048519,1493.242 8.69356688101577,47.0745284693311,1495.398 8.69357369752072,47.0745817057685,1494.822 8.6936331063057,47.0746191460846,1495.181 8.69365102899396,47.0746703629716,1494.708 8.69367214381211,47.0747386825529,1494.387 8.69367037780578,47.0747824858985,1494.62 8.69372133795282,47.0748162041494,1494.32399999999 8.69375562374094,47.074852020782,1494.287 8.69376214173747,47.074891937237,1494.643 8.69376077699678,47.074952873779,1495.72 8.69379767524502,47.0749810331504,1496.14999999999 8.69380121100436,47.0750133714909,1496.781 8.69378238256792,47.0750421399047,1496.717 8.69379436687427,47.0750781822662,1496.91499999999 8.69385346443821,47.0751023026413,1497.11900000001 8.6938740447047,47.0751477779188,1497.122 8.69391780451887,47.0752310713547,1495.231 8.69394898737536,47.0752535806222,1493.924 8.69399672463214,47.0752682982231,1492.855 8.69402896010582,47.0752930180013,1491.697 8.69407902401958,47.0753553445132,1489.17999999999 8.69414719284863,47.0754400892874,1485.859 8.69416557869933,47.0754745053015,1484.79700000001 8.69417510358353,47.0755280899277,1482.969 8.69417280384839,47.0755620213896,1482.004 8.69415790773378,47.0755883269197,1481.567 8.69415526406665,47.0756081382557,1481.253 8.69415866867934,47.075620812532,1481.034 8.69417546870771,47.0756319369727,1480.495 8.69419749209034,47.0756451183911,1479.97500000001 8.69421328169866,47.0756569555691,1479.655 8.69421685192397,47.0756766989715,1479.118 8.69423345225975,47.075723144295,1478.12300000001 8.69425585516901,47.075796370553,1476.049 8.69429252804087,47.0758609664576,1474.499 8.69433029403544,47.0759283751757,1472.92 8.69438356765137,47.0760394163534,1470.679 8.69440592901985,47.0760788176821,1470.065 8.69444636439521,47.0761393061583,1469.425 8.69446200109768,47.0762114908433,1469.075 8.69450953443812,47.0763034510203,1468.79399999999 8.69453014810918,47.0763840286128,1468.27 8.6945394447208,47.0764239146337,1468.06200000001 8.69454908623813,47.0764993135006,1467.762 8.69454912101978,47.0765890312641,1467.402 8.69455700988156,47.0766610037864,1467.508</coordinates></LineString>
  </Placemark>
  <Placemark>
	<styleUrl>#green</styleUrl>
      <LineString><coordinates>8.68382344544591,47.0575661983933,1516.238 8.68389030113349,47.0575654732661,1516.095 8.68394057554038,47.0575706404929,1515.974 8.68416166360751,47.0576120352804,1514.79399999999 8.68435449319905,47.0576366076516,1514.128 8.68450809366724,47.0576520785216,1513.501 8.6846170438459,47.057664219419,1512.82399999999 8.68470101176548,47.0576804457165,1512.224 8.68483835419169,47.0577151373925,1511.22500000001 8.68492793351347,47.0577332097932,1510.59299999999 8.68501181299126,47.0577456224695,1510.11 8.68516821717221,47.0577610620232,1509.58 8.68535856742372,47.0577989828946,1508.22 8.68560481721707,47.0578439160388,1506.883 8.68579549126417,47.0578951649293,1505.542 8.68593031039235,47.0579412988018,1504.698 8.68599198519673,47.0579577753524,1504.323 8.68606464284249,47.0579665038257,1503.899 8.6861902195368,47.0579746572251,1503.363 8.6863187948038,47.057992304796,1502.503 8.68641394205192,47.0580103155363,1501.916 8.68663290843185,47.0580802913536,1500.56 8.68668620830341,47.0580949423974,1500.012 8.68672821520392,47.0581040126409,1499.649 8.68675884013619,47.0581036797108,1499.429 8.68682827795675,47.058093397911,1499.16899999999 8.68693098482197,47.0580770508009,1498.63800000001 8.68708959111523,47.0580677064703,1497.13099999999 8.68717860859194,47.058061025899,1496.37699999999 8.68724519885987,47.0580488766298,1496.16099999999 8.68746317465301,47.0579570123413,1494.807 8.68766425823994,47.0578577116857,1492.63099999999 8.68776923519775,47.0578184799605,1491.712 8.68782460251371,47.0578026470954,1491.288 8.6878827909007,47.0577886816896,1490.77800000001 8.68794393364172,47.0577823038253,1490.341 8.68804426192297,47.0577831192141,1489.64599999999 8.68839869786134,47.0578078241838,1486.868 8.68848802544397,47.0578144714765,1486.095 8.68852972150849,47.0578102031871,1485.78</coordinates></LineString>
  </Placemark>
  <Placemark>
	<styleUrl>#green</styleUrl>
      <LineString><coordinates>8.71348438549333,47.0987368610361,992.106 8.713532115807,47.0986305913137,994.123999999996 8.71356132735378,47.0985693366154,995.451000000001 8.71358273211243,47.0985310096254,996.163 8.71358978172605,47.0984757133612,997.292000000001 8.71357744850499,47.0984263447037,998.264999999999 8.71355661591067,47.0983713488414,999.535000000003 8.71354743722352,47.0983371755665,1000.073 8.713554758652,47.0982933013282,1000.70699999999 8.7135793048329,47.0982701788636,1000.622 8.71366186332341,47.0982235625329,1002.11500000001 8.71374988906457,47.098173080115,1004.322 8.71379934352876,47.0981420614659,1005.239 8.71383445580251,47.0980940644144,1006.106 8.71385036667411,47.0980596126881,1006.76300000001</coordinates></LineString>
  </Placemark>
  <Placemark>
	<styleUrl>#green</styleUrl>
      <LineString><coordinates>8.68382344544591,47.0575661983933,1516.238 8.68393422330527,47.0576156720059,1517.01700000001 8.68399887684243,47.0576397190304,1517.107 8.68412238317251,47.0576783670013,1517.111 8.68434390101933,47.0577388015691,1517.16499999999 8.68464405503232,47.057825046809,1516.651 8.68476484724733,47.0578675199159,1516.436 8.68487472753907,47.0579196562316,1516.78 8.68500945729196,47.0579619777924,1517.696 8.6852401310333,47.0580565864777,1520.39 8.68537266024181,47.0581236978361,1520.837 8.68562097920144,47.0582581019167,1522.602 8.68580797873745,47.0583912734168,1524.287 8.68589292226917,47.0584493742049,1524.83199999999 8.68595204208331,47.058475396436,1525.50900000001 8.6860471278779,47.0584896027942,1526.276 8.6861172485492,47.0585097748855,1527.21799999999 8.68628365169611,47.0585955709305,1528.677 8.68638817599848,47.0586572729271,1528.323 8.68656249381573,47.0587239287689,1529.11599999999 8.68675683508467,47.0588132168263,1531.50199999999 8.68681586694554,47.058835425219,1532.47 8.68685836167644,47.0588654240961,1532.933 8.68695153171838,47.0589177401297,1533.719 8.68704245647815,47.0589929126655,1535.874 8.68711020059983,47.0590302656087,1536.164 8.68713035685111,47.0590586091164,1535.682 8.68713603782648,47.0591024484228,1534.86 8.6871221201714,47.0591266284147,1534.887 8.68710810027241,47.0591458526523,1534.74099999999 8.68709818002323,47.0591636199168,1534.071 8.68709574837541,47.0591926138762,1532.77 8.68710283534894,47.0592306893711,1530.819 8.68713876447248,47.0592642050572,1529.376 8.68715817998894,47.0592986110058,1528.18700000001 8.68716243774966,47.0593389932824,1527.29700000001 8.68715258374185,47.059414442972,1525.758 8.68714648730475,47.0595116224154,1525.734 8.68714852633102,47.0595991864938,1525.98299999999 8.68714365559467,47.059629718324,1526.38099999999 8.68715316517154,47.0596791115795,1526.833 8.68714042448689,47.0597306629672,1527.694 8.68714755647363,47.0597972376824,1528.092 8.68718227142931,47.0598520873685,1528.8 8.68722565396605,47.0599201660415,1529.75900000001 8.6872326084724,47.0599791139687,1529.61599999999 8.68723424865843,47.0600495447638,1529.75199999999 8.68723857747163,47.0601161499553,1530.235 8.6872315943065,47.0601752494533,1530.42600000001 8.68723815027011,47.0602170820919,1530.715 8.68728515242127,47.0603212947827,1532.143 8.68728050309325,47.0603613331067,1532.74099999999 8.68726998950486,47.0603881119501,1532.652 8.68722917772046,47.0604304417256,1533.101 8.6872019934731,47.0604593000351,1533.179 8.68719985510708,47.060487885974,1533.781 8.68722190026824,47.0605961844383,1535.558 8.68726690786005,47.060614739766,1535.996 8.68740500001309,47.0606817883386,1537.406 8.68745598721802,47.0607174161672,1538.287 8.6875035765013,47.0607264164304,1538.09299999999 8.68754876154011,47.0607525804378,1538.583 8.68767914429631,47.06084637705,1538.355 8.68780034512353,47.0609059891969,1538.215 8.68786791469665,47.0609357238938,1538.274 8.68788776149557,47.0609507383842,1538.232 8.68793252978604,47.0609578709845,1538.427 8.68797182420618,47.0609707666718,1538.87 8.68805926714988,47.0610155154413,1540.977 8.68810178374209,47.0610401339519,1542.364 8.68817210972915,47.0610632892993,1543.728 8.68826265404121,47.0610891482926,1545.254 8.68828777608807,47.0611022970794,1545.61900000001 8.6883310152218,47.0611392683139,1547.417 8.68836263277953,47.0611650669011,1548.508 8.68838519218757,47.0612015615088,1550.027 8.68842374261091,47.0612305322159,1550.556 8.68847799617677,47.0612870670161,1552.30899999999 8.6885344762374,47.0613188202256,1553.39 8.6885808350882,47.0613348684108,1554 8.68862775620655,47.0613806786242,1555.46000000001 8.68867432489493,47.0614136282012,1556.433</coordinates></LineString>
  </Placemark>
  <Placemark>
	<styleUrl>#green</styleUrl>
      <LineString><coordinates>8.69455700988156,47.0766610037864,1467.508 8.69456754254647,47.0767131739602,1467.803 8.6945888393397,47.0768273894941,1467.70299999999 8.69460363810881,47.0768851535673,1467.519 8.69463145108029,47.0769689179902,1467.383 8.69466320158982,47.0770661694827,1467.66099999999 8.69470144014873,47.0771514391679,1468.268 8.69472524602032,47.0772159237617,1468.625 8.69473219807108,47.0772748801549,1469.40399999999 8.69473322412202,47.0773186619612,1470.121 8.69476531414561,47.0773792505911,1471.18700000001 8.69483715844278,47.0774717633765,1472.629 8.69500608863539,47.0776622432121,1475.24099999999 8.69506917199958,47.0777377141172,1476.439 8.69512378809791,47.0778075740934,1477.56299999999 8.69520695022595,47.0779075825309,1478.533 8.69526707783663,47.0779754749655,1478.88 8.69533890563568,47.078066089446,1479.432 8.6953872882546,47.0781441499825,1480.133 8.69542215724502,47.0782046990267,1480.425 8.69544181330468,47.0782701824687,1480.74800000001 8.69546154524706,47.0783394614318,1481.284 8.69546281761482,47.0783937209916,1481.65300000001 8.69545339809489,47.0784671333035,1481.53 8.69544426947245,47.0785181331406,1481.258 8.6954474491955,47.078535235919,1480.962 8.69547315474181,47.0785616100729,1480.829 8.69555505040906,47.0786064140488,1481.024 8.69558856714777,47.0786272510555,1481.196</coordinates></LineString>
  </Placemark>
  <Placemark>
	<styleUrl>#green</styleUrl>
      <LineString><coordinates>8.69602758729424,47.0888121846984,1433.16099999999 8.69611456101556,47.0888397592464,1432.643 8.69619361919463,47.0888864381019,1430.647 8.69625293382424,47.088921917024,1428.038 8.69630904242219,47.0889403294629,1426.966 8.69646009845873,47.0889691093162,1420.126 8.6966039977611,47.0890493079918,1412.66099999999 8.69668269941264,47.0890807690478,1409.708 8.69678399463302,47.0891253058001,1408.276 8.69684680305026,47.0891911889018,1406.986 8.69694938027785,47.0892908664567,1405.647 8.69706249945911,47.0893638000315,1403.804 8.69713836579349,47.0893934026635,1402.031 8.69718385179174,47.0894328289577,1400.777 8.69721294024755,47.0894857670826,1399.63 8.69726381831339,47.0895175415757,1398.682 8.69734238731232,47.0895433091206,1397.143 8.69759637307033,47.0896052976943,1392.871 8.69773407794431,47.0897014499503,1391.632 8.697809342723,47.0897424117974,1390.37699999999 8.69796413021063,47.0898082126665,1387.394 8.69802392121872,47.0898313608327,1386.18399999999 8.69805423612383,47.0898607785376,1385.99800000001 8.69808651316021,47.089899701576,1385.67 8.69810499771495,47.0899447222342,1385.413 8.69812159094784,47.0899838082178,1385.083 8.69813714755491,47.0900090515949,1385.052 8.69830341205098,47.0901898490714,1389.573 8.69860189226548,47.0903916864687,1394.73699999999 8.69886846444741,47.0904946283438,1395.626</coordinates></LineString>
  </Placemark>
  <Placemark>
	<styleUrl>#green</styleUrl>
      <LineString><coordinates>8.71385036667411,47.0980596126881,1006.76300000001 8.71380426318481,47.0979972866494,1008.11900000001 8.71372754446671,47.0979372075404,1009.374 8.71356129248295,47.0978647897217,1012.067 8.7132452708251,47.0977083454777,1017.62699999999 8.7130226814359,47.0976117946244,1023.41 8.71276929676726,47.0975098813405,1027.788 8.71247835549861,47.0973531478849,1032.27 8.71222415854532,47.097216967298,1036.09299999999 8.71214744250437,47.0971568781292,1037.21799999999 8.71211294949546,47.0971134674674,1037.995 8.71209186081441,47.0970470581384,1039.40399999999 8.71205235870894,47.096910395471,1042.811 8.71200837170627,47.0968194826653,1045.296 8.71194865398995,47.0967706300094,1047.124 8.71186375711719,47.096718260012,1048.444 8.71179028669337,47.0966771793774,1049.628 8.71170758090551,47.0966000277296,1051.292 8.71163631474595,47.096534165317,1051.984 8.71157425820685,47.0965043921168,1052.924 8.71142556673394,47.0964660518239,1055.38800000001 8.71122375673059,47.0964225872054,1057.094 8.71107736032021,47.0963632691382,1059.08199999999 8.71101476178551,47.0963106515605,1059.696 8.71088376780292,47.0961959446373,1063.485 8.71076429107841,47.0960963494273,1066.96799999999 8.71056864458794,47.0959595079286,1070.876 8.71040237092885,47.0958851786874,1075.058 8.71023932845774,47.095829858179,1079.758 8.7101059801382,47.0958173271028,1082.677 8.70955047628926,47.0957236168798,1094.215 8.7091133751262,47.0956231970502,1103.542 8.70894811224471,47.0955980361946,1107.13099999999 8.7085630410436,47.0955807026446,1115.88499999999 8.70776117252465,47.0957120811454,1134.40300000001 8.70737034753541,47.0957254838173,1141.02800000001 8.70729508164892,47.0957263149681,1141.105 8.70723434848504,47.0957517338425,1141.90399999999 8.70707207833492,47.0958468419476,1143.092 8.70696754956625,47.0959070192956,1144.194 8.70689552592054,47.0959268501119,1144.7 8.70680398479664,47.0959469143142,1145.164 8.70664274782918,47.0959677296908,1146.658 8.70649230558735,47.0959732043345,1147.74800000001 8.70634106724047,47.0959300007397,1149.094 8.70578543941487,47.0957751003417,1152.795 8.7045098255499,47.0954778979415,1164.989 8.70428667056538,47.0954104209557,1165.478 8.70395388203706,47.0953404356608,1167.442 8.70378285799032,47.0953004333409,1167.523 8.7036337577612,47.0952449500072,1168.709 8.70348791226041,47.0952084663631,1169.803 8.70334169459217,47.0951567652592,1170.569 8.70321783153882,47.0951067160869,1172.243 8.70314714856067,47.0950655903268,1172.819 8.70312080240502,47.0950125695137,1172.867 8.7030376755391,47.0949163716845,1173.49000000001 8.70299271025676,47.094901627181,1173.69100000001 8.70291978837968,47.0948833939674,1174.17999999999 8.70284910634959,47.0948422860093,1174.33100000001 8.70277037594711,47.0948145897667,1174.787 8.70265571693627,47.0948006119732,1175.768 8.70248527919584,47.0947853495181,1176.39999999999 8.70233407642987,47.0947584502126,1178.88499999999 8.70211260973907,47.0947075752432,1181.02899999999 8.70186851964845,47.0946436074188,1184.683 8.70171419846711,47.0946034183955,1186.402 8.70158288583655,47.0945915208024,1187.592 8.70151004157215,47.0945771001874,1187.897 8.70146464162928,47.0945433241621,1188.32799999999 8.70139675269622,47.0945021666301,1188.982 8.70133451172532,47.0944647793135,1189.849 8.70105740071515,47.094300245676,1197.296 8.70100664180369,47.0942760552099,1199.24400000001 8.70091985115575,47.0942617694765,1200.823 8.700743652515,47.0942389570711,1202.556 8.7005294366252,47.0941931991608,1207.14 8.70043668793415,47.0941781778561,1208.83900000001 8.7003644131391,47.0941672047626,1210.048 8.70025104085641,47.094140651929,1211.83 8.70008360802557,47.0940783304306,1213.56600000001 8.69994620101585,47.0940285074552,1215.524 8.69990810004292,47.09400647154,1216.46799999999 8.69988411563338,47.0939853511705,1217.458 8.69985855205284,47.0939631775988,1218.423 8.69983163446126,47.0939506356947,1218.757 8.69976727035254,47.0939438575205,1219.357 8.69971049040842,47.0939262997221,1219.179 8.69965651780689,47.0938948121393,1219.139 8.69952818786697,47.0938309990913,1218.408 8.69942992154584,47.0937807459214,1219.16 8.69937117222541,47.0937460990283,1219.499 8.69932811881538,47.0937134299297,1220.049 8.69929119617714,47.0936742703408,1221.387 8.69926718676768,47.09365207059,1222.03599999999 8.69924468121774,47.0936277222618,1222.45299999999 8.69923002485261,47.0936032967989,1222.747 8.69921853957921,47.0935809596136,1223.246 8.69919780245739,47.0935651471433,1223.489 8.69916781464809,47.093554788837,1223.87 8.69913466715107,47.0935433856614,1224.47 8.69908324360782,47.093536231228,1224.826 8.69897093256124,47.0935031883283,1225.105 8.69893137442648,47.0934807722532,1225.307 8.69889140017785,47.0934412231995,1225.864 8.69888529224424,47.0934184401621,1226.072 8.69890130103638,47.0933878038256,1226.726 8.69897642943133,47.0933812671401,1228.515 8.69906271222886,47.0933746080275,1230.818 8.69915465512847,47.0933716920882,1233.192 8.69926650488691,47.0933856951688,1234.65300000001 8.69939001516225,47.0934205220471,1235.712 8.69956391156477,47.0934643136369,1236.47199999999 8.69967882234609,47.0934897077439,1237.035 8.69981302625883,47.0935053720892,1237.685 8.69992453121204,47.0935041479542,1237.85000000001 8.69998563690892,47.0934939592182,1237.856 8.70004637074111,47.0934685351716,1239.429 8.70004278531643,47.093434299471,1240.57799999999 8.70001234559828,47.0933767708977,1242.985 8.69998059870315,47.0933314193698,1244.976 8.69985586027634,47.0932433048281,1246.095 8.69976750324949,47.0931623834752,1246.75 8.69973555928451,47.0931075251868,1247.391 8.69967603597483,47.0930662748272,1248.662 8.69963879553516,47.0930247978461,1249.47900000001 8.69962563831136,47.0929392545928,1251.643</coordinates></LineString>
  </Placemark>
  <Placemark>
	<styleUrl>#green</styleUrl>
      <LineString><coordinates>8.69962563831136,47.0929392545928,1251.643 8.69966593168597,47.0929050410247,1251.53599999999 8.6997017627422,47.0928894353404,1252.048 8.69981245028756,47.0928596936982,1254.42200000001 8.69985907738811,47.0928287480747,1255.42999999999 8.70005849955149,47.0926648989755,1259.018 8.70008804369713,47.0926189374465,1260.336 8.70010058892519,47.0925598393686,1262.322 8.70011573388862,47.0924931110514,1265.016 8.70016938514246,47.0924069331784,1267.853 8.70017437378247,47.0923821571608,1268.45600000001 8.70013486928364,47.0923597678976,1269.399 8.6999444317619,47.0923143146087,1274.55499999999 8.69986584427636,47.092288549005,1277.295 8.69977288989759,47.0922439323421,1280.398 8.69972499162106,47.092219727915,1281.556 8.69960761625934,47.0922019986028,1283.299 8.69944509541845,47.0921600434125,1287.96400000001 8.69939144805344,47.0921283002544,1289.655 8.69938514849689,47.0920979356419,1290.064 8.69939805243338,47.0920540550759,1291.371 8.69946581600935,47.0919753243442,1293.662 8.6995423446402,47.091913625908,1295.04700000001 8.69966494949045,47.0917981738373,1300.054 8.69974127222574,47.091728866834,1302.548 8.69978439067201,47.0916675349836,1304.942 8.69981605484415,47.0915930146588,1306.686 8.69983712807408,47.0915414246654,1307.74000000001 8.70000893059078,47.0913873966299,1309.338 8.70006654993401,47.09135063568,1310.038 8.70022447326363,47.0913165695682,1312.702 8.70033785926467,47.0912829833958,1315.227 8.70040678486287,47.0912536997876,1317.056 8.70045029181946,47.0912094739566,1319.202 8.70048048786379,47.091190124558,1320.34600000001 8.70061568131394,47.0911372988335,1324.14999999999 8.70073720515552,47.0910941229941,1327.465 8.70078093584119,47.0910594124338,1329.61500000001 8.70080810260141,47.0910305783681,1331.57000000001 8.70089911671883,47.0909934410777,1334.141 8.70106163649949,47.0909174824854,1339.568 8.70116074368011,47.0908688490063,1343.147 8.70128758648496,47.0908161052488,1346.13 8.70132006763922,47.090775805604,1347.788 8.70132750735294,47.0907376883677,1348.52 8.70133515247957,47.0907071705676,1349.194 8.70128449508747,47.0906849132844,1350.765 8.70117850020247,47.0906765603869,1352.976 8.70098854722802,47.0906520194486,1355.69 8.70081805249477,47.0906253662339,1358.008 8.70073987040309,47.0906167253384,1358.893 8.70065374208934,47.0906252732477,1360.522 8.70057310808452,47.0906299733844,1362.428 8.70052821334661,47.090615245166,1363.50900000001 8.7004835293299,47.0906100234799,1364.495 8.70040288195265,47.0906147146478,1366.538 8.70026867779286,47.0905914673611,1368.575 8.70021029859782,47.0905959138339,1369.497 8.7001383132935,47.090613814902,1370.844 8.69997086634392,47.0905985430001,1373.53 8.69987295254159,47.0905787021311,1374.682 8.69979224711392,47.0905814863372,1375.84699999999 8.69968295585258,47.0905522613483,1378.04300000001 8.69963546168842,47.0905451630112,1379.02899999999 8.69945444053811,47.090545251742,1383.17200000001 8.69933446915739,47.0905351523694,1386.15300000001 8.69924762538127,47.0905132913108,1388.49099999999 8.69902765154665,47.0905138068108,1392.88800000001 8.69886846444741,47.0904946283438,1395.626</coordinates></LineString>
  </Placemark>
  <Placemark>
	<styleUrl>#green</styleUrl>
      <LineString><coordinates>8.69602758729424,47.0888121846984,1433.16099999999 8.69602658499157,47.0887672242522,1431.929 8.69602464086864,47.0887214194866,1431.768 8.69601842207329,47.0886792419512,1433.022 8.69601704021488,47.0886203507257,1434.878 8.69601735389195,47.0885697263331,1437.48 8.69602811846234,47.0885524709677,1438.77099999999 8.69609126974522,47.0885117921147,1440.548 8.69612126825356,47.0884829011696,1442.955 8.69613440919027,47.088448482241,1444.41499999999 8.69612820034447,47.0884218858162,1446.315 8.69607933414026,47.088359583089,1449.71400000001 8.69606158308893,47.0883159754658,1451.621 8.6960607344927,47.0882798115021,1453.198 8.69611023480824,47.0882507070846,1454.656 8.69611541602222,47.0882335128278,1455.571 8.69608367547614,47.088188160171,1457.791 8.69614037576807,47.0881094624775,1463.22900000001 8.69617510860124,47.0880443464312,1465.682 8.69616814060669,47.0879853994014,1467.658 8.6961323958299,47.0877082255033,1472.751 8.69607671138045,47.0876376670365,1473.667 8.69606754039532,47.0876189836005,1473.958 8.69607532145179,47.0875941501956,1474.52800000001 8.69609695783348,47.0875653507811,1474.523 8.69609624323818,47.0875348978589,1474.955 8.69608127087109,47.0874912598163,1475.363 8.69605042431997,47.0874839867872,1475.636 8.6960166649269,47.0874710151276,1476.022 8.6959736958437,47.0874219889978,1476.50900000001 8.69596742405923,47.0873915789093,1476.751 8.6959827627172,47.0873323877016,1477.344 8.69597668807576,47.0873115023097,1477.666 8.69593800688932,47.0872072022633,1479.232 8.69593390671998,47.0871520201713,1480.05100000001 8.69591633512558,47.0871160392361,1480.66499999999 8.69587877062737,47.087059325236,1481.77800000001 8.69586357554043,47.0870061807387,1482.83199999999 8.69585883186804,47.0869224431124,1483.777 8.69581067290004,47.0867706304672,1485.375 8.69577272522058,47.0866986902515,1486.33900000001 8.69573122176813,47.0865925138473,1488.205 8.69564583071847,47.086399222801,1492.45299999999 8.69562987680148,47.0863137096573,1494.557 8.69564650170529,47.0861897505717,1496.855 8.69568385194749,47.0861188934819,1497.974 8.69577274588159,47.0859865327895,1498.83500000001 8.69578736953266,47.0858968706671,1499.97100000001 8.69579908103131,47.0858015368926,1501.314 8.69578790619519,47.085681696358,1502.79300000001 8.69580055548147,47.0856263399283,1503.526 8.69578832607127,47.0855637260549,1503.58100000001 8.69575022758757,47.085434788255,1503.322 8.69575523651879,47.0853922898897,1503.083 8.69575620783878,47.0853477936,1502.818 8.69578293800112,47.0852913744583,1502.959 8.69581300965666,47.0852072827512,1503.82000000001 8.69590646337731,47.0850470470976,1506.315 8.69594343077566,47.0849430794763,1507.63800000001 8.69598037756304,47.0848550801251,1509.421 8.69601018270977,47.0847826681952,1510.649 8.69606111956306,47.0846723493016,1512.74000000001 8.69614898281638,47.0844962065502,1514.413 8.69621791243905,47.0843450192613,1515.724 8.69628446549292,47.0842109954983,1517.56600000001 8.69637632497331,47.0840862214531,1519.395 8.69648653439385,47.0839717178334,1521.607 8.6965293121076,47.0838931722829,1522.648 8.69654478319431,47.0838396920062,1522.446 8.69653200898493,47.0837712816687,1521.868 8.69650011826562,47.0837183110615,1520.72199999999 8.69651260597065,47.0836572437664,1519.461 8.6965306580061,47.0835942083608,1517.83100000001 8.69656787100447,47.0835176308981,1515.868 8.69667352513061,47.0833869929813,1512.84299999999 8.69674160856265,47.0833176970324,1511.34299999999 8.69679473849749,47.083206670022,1509.783 8.69683639794901,47.0830805382412,1508.548 8.69688347949668,47.0829486345228,1508.617 8.69690132567012,47.0828779816037,1508.84600000001 8.69693526786515,47.0827804969174,1510.003 8.69696701269349,47.0827077845515,1510.56 8.69700738690357,47.0826464206695,1510.841 8.69702669610715,47.0825186174846,1511.088 8.69703871763328,47.0824366123005,1511.17200000001 8.69705187472371,47.0824040911983,1511.008 8.69707046211733,47.0823638999005,1510.859 8.6970860217664,47.0823142328973,1510.327 8.69709357792913,47.0822798749781,1509.932 8.69710904756409,47.082226376619,1509.04700000001 8.69709613891274,47.0821522552677,1507.156 8.69709528971578,47.0821160912632,1506.32799999999 8.69712241641023,47.0820834170905,1505.36 8.69719887701143,47.0820159452084,1502.783 8.69720889797512,47.0819682190565,1501.295 8.69718729748807,47.0818789715528,1499.129 8.69716316041389,47.0818011588907,1498.08900000001 8.69715913071488,47.081747892165,1497.251 8.6971776019175,47.0817038877681,1496.04399999999 8.69717643945979,47.0816543859781,1495.326 8.69718350400162,47.0815990995112,1494.92 8.69719624022123,47.0815475472495,1494.713 8.69725293184906,47.0814688488927,1494.304 8.6973009944031,47.08137882002,1494.637 8.69733863369432,47.0813193841362,1495.02 8.69737315520912,47.0812466411903,1495.447 8.6973937602389,47.0811740687396,1496.137 8.69740104777136,47.0811282886844,1496.38499999999 8.69741035313306,47.0810501095488,1496.838 8.69744669523942,47.0809354607763,1498.201 8.69746239504679,47.080872729824,1498.928 8.69748434794295,47.0808115766201,1499.66499999999 8.69751041630486,47.0807641603304,1500.72500000001 8.69755077701935,47.0807023105671,1501.811 8.69757656379606,47.0806434722976,1502.747 8.69759009778147,47.080596193375,1503.239 8.69758482100888,47.0805498403259,1502.836 8.69756890214047,47.0804950306394,1502.902 8.69754323402675,47.080426042,1502.686 8.69749573253033,47.0803173139811,1502.28599999999 8.69745826819697,47.0802518371467,1502.319 8.6974337545199,47.0802151678202,1502.43399999999 8.69737771143792,47.0801436602796,1502.83199999999 8.69733014287378,47.0800763509814,1502.974 8.69727488863929,47.079994120389,1502.277 8.69721626210568,47.0799454911813,1501.579 8.69713066292636,47.0798614519645,1500.09600000001 8.69707934400954,47.0798127516128,1498.72900000001 8.69703856260374,47.0797674982416,1497.71400000001 8.69700277707115,47.0797129061431,1496.443 8.69696511341129,47.0796226290802,1494.64599999999 8.69693694653595,47.0795800982303,1493.806 8.69689347125653,47.0795541529689,1493.125 8.69683340563491,47.0795333822723,1492.02 8.69678143250232,47.0795011068437,1490.80100000001 8.6967207483445,47.0794096604896,1488.83 8.69666727075828,47.0793138440271,1487.204 8.69664193735772,47.0792141568195,1486.084 8.69661638842235,47.0791501685012,1485.056 8.69655555267917,47.0790965613282,1484.023 8.69645946781123,47.0790173414265,1482.045 8.69620249984893,47.078879375343,1480.17200000001 8.69594766892592,47.0787476825717,1481.091 8.69582693760977,47.0786883074764,1481.41800000001 8.69575062481263,47.0786659418353,1481.50199999999 8.69566999502588,47.078644801882,1481.326 8.69558856714777,47.0786272510555,1481.196</coordinates></LineString>
  </Placemark>
  <Placemark>
	<styleUrl>#darkgreen</styleUrl>
      <LineString><coordinates>9.13961713104301,47.1757966580172,1449.02099999999 9.13961632540373,47.1758186222623,1448.908 9.13960509409444,47.175841766308,1448.808 9.13958107374286,47.1758635519951,1448.719 9.13953993768556,47.1758881638494,1448.52499999999 9.13946102340617,47.1759255609801,1447.72 9.13944364550576,47.1759442074892,1447.44500000001 9.13942799753643,47.1759699539291,1447.159 9.13943049410722,47.1760015769566,1447</coordinates></LineString>
  </Placemark>
  <Placemark>
	<styleUrl>#green</styleUrl>
      <LineString><coordinates>9.13961713104301,47.1757966580172,1449.02099999999 9.13965026800426,47.1757727762011,1448.882 9.13967686211599,47.1757530936919,1448.603 9.13969177476232,47.1757278799051,1448.442 9.13969917314081,47.175697064227,1448.36 9.13969517176104,47.1756699888725,1448.14599999999 9.13969774311903,47.1756521010826,1447.989 9.13970866609299,47.1756333700456,1448.359 9.13970907216851,47.175613364025,1448.519 9.13972084597512,47.175588196648,1448.31200000001 9.13972953586859,47.1755652161255,1447.81200000001 9.13974665890219,47.1755435413958,1447.136 9.13975654937916,47.1755255363733,1446.601 9.13975509908792,47.1755127103059,1446.284 9.13974199911294,47.1754957650097,1445.82000000001 9.13972890855275,47.1754795303246,1445.49099999999 9.13971678238804,47.175460429373,1445.065 9.13971512761386,47.175441173575,1444.74800000001 9.13972273014832,47.1754167786306,1444.69 9.13973257542049,47.1753973527742,1444.962 9.13974566331227,47.1753807309698,1444.86599999999 9.1397523829854,47.175361351332,1444.38099999999 9.13974642083506,47.1753385874775,1443.899 9.1397287638573,47.1753102835568,1443.12300000001 9.13970286859274,47.1752863839618,1442.575 9.13968115426317,47.1752624315335,1442.386 9.13966787276491,47.1752397759079,1442.364 9.13966626320262,47.1752219409435,1442.113 9.13966334920658,47.1751962800069,1442.064 9.13965244659349,47.1751828739611,1442.356 9.13964883108071,47.1751679296597,1442.633 9.13965668327975,47.1751513852841,1442.87 9.13967752208066,47.1751482251331,1442.933 9.1397130486021,47.1751455585354,1443.09 9.13973252750032,47.1751324139762,1443.26700000001 9.13975827449808,47.1751184659695,1442.905 9.13978965238396,47.1751172822014,1442.507 9.13980849811897,47.1751170035046,1442.26700000001 9.13983869828448,47.1751115636314,1442.037 9.13985903736769,47.1750926933231,1441.995 9.13987860716872,47.1750824083953,1441.958 9.13990999821886,47.1750812243994,1442.02 9.13993275224136,47.1750723228705,1442.15700000001 9.13996483155731,47.1750604224168,1441.91099999999 9.13999792042002,47.1750470765218,1441.531 9.14003220075834,47.1750380044971,1441.113 9.14006462044589,47.1750368052446,1441.132 9.14010966729036,47.1750368587124,1441.455 9.14015287610856,47.1750454953641,1441.73699999999 9.14020150254348,47.1750597738667,1441.73699999999 9.14024141414522,47.1750634749965,1441.617 9.14028203976573,47.1750564412922,1441.893 9.14031961760367,47.1750523136606,1441.72900000001 9.14036176229615,47.1750602642207,1441.375 9.1403924032541,47.1750690956986,1441.281 9.1404218109768,47.1750715126569,1440.893 9.14044991415532,47.175066103644,1440.368 9.14047300857774,47.175067903236,1439.80499999999 9.14050239369865,47.1750696097559,1439.29399999999 9.14053577773126,47.1750655440987,1438.804 9.14056686055117,47.1750550887189,1438.38400000001 9.14059908911221,47.1750474683841,1438.011 9.14063105466029,47.1750319976712,1437.724 9.1406610045878,47.175018698025,1437.7 9.14069826443629,47.17500457946,1438.054 9.14072636755167,47.1749991703795,1438.50900000001 9.14074957556696,47.1750045399891,1438.874 9.14076463612988,47.175017164662,1438.87 9.14078195300113,47.1750347671988,1438.732 9.14080228531394,47.1750480336103,1439.007 9.14082446092403,47.1750541292338,1439.01300000001 9.14085400517315,47.1750608355648,1438.889 9.14087522995043,47.1750698062509,1438.19100000001 9.14089276105725,47.1750609728197,1438.003 9.14091122067608,47.1750485628881,1437.243 9.14094334526741,47.1750380919892,1436.85000000001 9.1409786899052,47.1750297146822,1436.22 9.14100164780271,47.1750272246848,1435.989 9.1410280762053,47.1750346968311,1435.7 9.14104939173573,47.1750465181478,1435.486 9.14107381399213,47.1750568719787,1435.493 9.1410928963948,47.1750644438298,1435.444 9.14112551102565,47.175068954401,1434.92600000001 9.14116327057435,47.1750705368117,1434.338 9.14118722539455,47.1750666195153,1433.94500000001 9.14121776603662,47.1750718805053,1433.818 9.14125260065425,47.1750806406903,1433.478 9.14127670492339,47.1750810036701,1433.31200000001 9.14130148719816,47.1750699215962,1433.019 9.14132105671339,47.1750596364229,1432.932 9.14135865708947,47.1750562188693,1432.85000000001 9.14139028511693,47.1750628942197,1432.95 9.14141672302034,47.1750710768892,1433.094 9.14142863557598,47.1750830373233,1433.212 9.14145308996933,47.1750948121036,1433.28 9.14148478617115,47.1751036276728,1433.45699999999 9.14153319887254,47.1751107652723,1433.874 9.1415732695102,47.1751194568469,1433.842 9.14162480780641,47.1751265481374,1434.13 9.14166468721772,47.1751288187506,1434.48299999999 9.14170473498318,47.1751367908695,1434.79399999999 9.14174353673975,47.1751383666576,1435.178 9.14180324474927,47.175138904156,1435.791 9.14182714430132,47.1751328372937,1436.17600000001 9.14185849981332,47.1751309515364,1436.461 9.14189838838672,47.1751339236884,1436.68399999999 9.14193589799644,47.1751276552842,1437.01700000001 9.14196614348628,47.1751236446796,1437.461 9.14200097826026,47.1751324046378,1437.58100000001 9.14203368436889,47.1751397835985,1437.792 9.14207671171598,47.1751427092107,1437.948 9.14212045357219,47.1751349269533,1438.18700000001 9.14215984208178,47.1751221978931,1438.69899999999 9.14219399520422,47.1751095553478,1439.15300000001 9.14222091974286,47.1750998718496,1439.81299999999 9.14225353477687,47.1751043910934,1439.817 9.14227281243727,47.1751176728694,1439.359 9.14230960781201,47.1751221211905,1439.111 9.14234958778061,47.1751279618329,1438.925 9.14239023608899,47.1751216467939,1438.868 9.14244550020399,47.1751143955122,1438.841 9.14249982702116,47.1751100280872,1438.57399999999 9.14253623594985,47.1751023452872,1438.554 9.14257785788858,47.1750938745054,1438.89999999999 9.14262776311445,47.1750824200052,1439.28599999999 9.14268085262541,47.1750723488148,1439.276 9.14272159196246,47.1750688933126,1439.272 9.14275922462349,47.1750669053235,1439.736 9.14279816245847,47.1750727522516,1439.323 9.14283089127631,47.1750808414028,1439.11199999999 9.14287513297637,47.1750887509843,1438.889 9.14292245498146,47.1750951934076,1438.83500000001 9.1429705495082,47.1750923395987,1438.992 9.14301452788439,47.1750923987629,1438.952 9.14304926251808,47.1750975971299,1438.70699999999 9.14307984892562,47.1751042874523,1438.249 9.14311368786591,47.17511450133,1437.81299999999 9.14315166186371,47.1751232234247,1437.284 9.14319588100565,47.1751304224655,1436.792 9.14323479629352,47.1751355588287,1436.269 9.14326847593258,47.1751407727633,1436.003 9.14330547633077,47.1751516504897,1435.284 9.14334655675976,47.1751588959852,1435.053 9.1433825703576,47.1751719295655,1434.948 9.14341750973051,47.1751835485525,1434.573 9.14345532474525,47.1751872796423,1434.258 9.14349001390776,47.1751910480494,1434.035 9.14353324632806,47.1752004028403,1433.702 9.14357859859859,47.175210445946,1433.61900000001 9.1436215484033,47.1752105201241,1433.849 9.14365073848161,47.1752065157213,1434.02899999999 9.14368525537916,47.1752052933608,1434.24000000001 9.143733554654,47.1752088599636,1434.389 9.14376506925388,47.1752119645905,1434.25599999999 9.1438069640147,47.1752120543381,1434.433 9.14385111508368,47.1752171128834,1434.76700000001 9.14389854168124,47.1752264143623,1434.992 9.14393542844117,47.175233721816,1435.065 9.14397156924915,47.175250325086,1434.72900000001 9.14400574965672,47.1752712399175,1433.96400000001 9.1440317606693,47.1752987086132,1432.84 9.14404806896386,47.175317747132,1432.19100000001 9.14407922451282,47.1753422785438,1431.21400000001 9.14410161882787,47.1753548030617,1431.015 9.14413552608134,47.1753671478887,1430.799 9.14415282123541,47.1753840305068,1430.414 9.14418097488296,47.1754128979054,1429.939 9.14420359665258,47.1754325535495,1429.614 9.14423988393251,47.1754541568255,1429.251 9.14427191259895,47.1754729622288,1428.917 9.14430499290459,47.1754924717799,1428.777 9.14433287310052,47.1755127601832,1428.323 9.14437750254711,47.1755328092196,1428.087 9.14439991966852,47.1755460440956,1427.864 9.14443400951701,47.1755641081386,1427.72900000001 9.14447345841829,47.1755863752134,1427.19 9.14450959963168,47.1756029783128,1426.731 9.1445582733413,47.1756186847973,1426.625 9.14460795652701,47.1756329457887,1426.705 9.14465112123296,47.1756401599155,1427.046 9.14470278750504,47.1756508196989,1427.43799999999 9.14475646925778,47.175659308312,1427.682 9.14480287691437,47.1756693262933,1427.792 9.14486083057944,47.1756806125034,1428.05100000001 9.1449070790555,47.1756856395407,1428.14 9.14494826081776,47.1756964547271,1428.13099999999 9.14497889313443,47.1757045653767,1428.181 9.14502110731567,47.1757146544704,1428.09299999999 9.14504934664641,47.1757135158269,1428.30100000001 9.14507864131767,47.1757123705182,1428.375 9.14509877957626,47.1757199260526,1428.144 9.14513792328989,47.1757322019075,1427.78200000001 9.1451728502221,47.1757438205551,1427.344 9.14521192568041,47.1757539561423,1426.948 9.14524651118676,47.1757548735558,1426.821 9.14527480934602,47.175755164487,1426.766 9.14530837565569,47.1757568077553,1426.65700000001 9.14533158445982,47.1757621764392,1426.27800000001 9.14534657830962,47.1757726692599,1425.992 9.14536369175905,47.1757838413841,1425.59299999999 9.14537845777479,47.1757871940647,1425.473 9.14541193285261,47.1757859776515,1425.18399999999 9.14544104532944,47.1757791219403,1425.318 9.14547528906703,47.1757693290814,1425.40700000001 9.14550137666726,47.1757660899947,1425.144 9.14553512522714,47.1757734435068,1424.39200000001 9.14555619150603,47.1757774134339,1424.16499999999 9.14558652806923,47.1757762525365,1424.02800000001 9.14561358894086,47.1757708487299,1424.06200000001 9.14563454128422,47.175771248575,1423.72199999999 9.14566390428255,47.1757722433593,1423.602 9.14569098810535,47.1757675589436,1423.68399999999 9.1457169939064,47.1757621707691,1423.724 9.14574643469902,47.1757660163866,1423.166 9.1457718317489,47.1757742135146,1422.757 9.14581200775025,47.1757857540737,1421.57799999999 9.14584873585062,47.1757880700122,1420.875 9.14589779120657,47.1757830594713,1420.06600000001 9.14593970909569,47.1757838588584,1419.59600000001 9.1459806310481,47.1757861125115,1419.098 9.1460134061405,47.1757956215884,1418.47 9.14604086401595,47.1758030683208,1417.951 9.14608056182436,47.1757996270931,1417.586 9.14612451810574,47.1757989746515,1417.01300000001 9.14616029536879,47.1758041566134,1416.28599999999 9.14619611800023,47.1758107593968,1415.43399999999 9.14622896176377,47.1758224176466,1414.851 9.14626486252851,47.1758318802551,1413.54399999999 9.14629820094737,47.1758263831004,1413.018 9.14633887228989,47.1758207860758,1412.10000000001 9.14637036443143,47.1758231705793,1411.61 9.14641544195348,47.1758212688098,1411.359</coordinates></LineString>
  </Placemark>
  <Placemark>
	<styleUrl>#green</styleUrl>
      <LineString><coordinates>9.14641544195348,47.1758212688098,1411.359 9.14649231680989,47.1758015579752,1411.137 9.14661456104659,47.1757597519192,1411.178 9.1467346759838,47.1757165558406,1411.845 9.14684377190576,47.1756563752147,1412.681 9.14692633110991,47.1756180101212,1413.19 9.14698849488011,47.1755970959018,1413.48299999999 9.14705117331155,47.175591882551,1413.641 9.14711196941702,47.1755938316452,1413.977 9.14720677846837,47.1756109930745,1414.412 9.14733503981923,47.1756262270364,1414.84699999999 9.14750280291839,47.1756323000327,1415.659 9.14771652801127,47.175634837924,1416.522 9.14790354801713,47.1756534897706,1416.976 9.14800664051903,47.1756676664569,1416.798 9.14815451070023,47.1757068907063,1416.227 9.14832542056476,47.1757457633507,1414.85400000001 9.14848572269995,47.1757805198973,1413.323 9.14861476079638,47.1758200234764,1412.16499999999 9.14872881406892,47.1758497451448,1411.27800000001 9.14879813538231,47.1758558581303,1410.821 9.14885447744666,47.1758493074937,1410.364 9.14915236935086,47.17579774372,1408.102 9.1492147150886,47.1757825386024,1407.60799999999 9.14938211021861,47.1757114930665,1406.227 9.14944819284817,47.1756819451971,1405.54399999999 9.14949184231136,47.1756712914961,1405.181 9.14977137616958,47.1756357166767,1402.463 9.14999909469274,47.1756166205953,1400.249 9.15011437734487,47.1756191880042,1399.03200000001 9.1503161868644,47.1756418894212,1396.963 9.15042738046602,47.1756473783704,1395.817 9.15057216323624,47.1756552193597,1394.359 9.15069819171626,47.1756662002981,1393.171 9.1508731472022,47.1757007354505,1391.58500000001 9.15096777454547,47.1757121744847,1390.761 9.15111228346653,47.1757114538381,1389.533 9.15121928345825,47.1757170044533,1388.383 9.1513157204983,47.1757198512245,1387.458 9.15174036962664,47.1757021020719,1383.776 9.15194131134933,47.1756976789592,1381.773 9.15198567912836,47.1757098747002,1381.285 9.15203893758659,47.1757376465689,1380.709 9.15221432592685,47.175850725087,1378.40399999999 9.15231022164405,47.1759021442992,1377.19100000001 9.15242260516791,47.1759447437656,1375.951 9.15256383578332,47.1759726352681,1374.62 9.15277406802503,47.1759966374193,1373.455 9.15295453877263,47.1760068046488,1372.75999999999 9.15314738144634,47.1760110651806,1372.58100000001 9.1532601106597,47.1759993894415,1372.42999999999 9.15332879179727,47.1759855091588,1372.192 9.15368601230623,47.1758902060341,1370.13400000001 9.15394607066806,47.1758349113083,1368.299 9.15416270861087,47.1757974026094,1366.74099999999 9.15434840332129,47.1757746420793,1365.93700000001 9.15445143870705,47.1757873833624,1365.65300000001 9.15472531096752,47.1758361458298,1365.01300000001 9.15496094214524,47.1758683391291,1364.43399999999 9.15526529971689,47.1758880713351,1364.63499999999 9.15557566056332,47.1758991570889,1365.186 9.15570646688647,47.1759286218505,1365.477 9.15582326307567,47.1759782957056,1365.804 9.15598744354852,47.1760029794322,1365.651 9.15612244449646,47.1760323901028,1365.139 9.1563655928152,47.1761030290243,1364.64999999999 9.15673988375539,47.1762131305725,1365.35000000001 9.15705895515179,47.1762997731796,1365.60000000001 9.15725294609048,47.1763397183923,1366.00900000001 9.15739195895994,47.176363354624,1366.321 9.15759372842187,47.1763846134452,1366.614 9.15797131847134,47.1764018227162,1366.30899999999 9.15817031646173,47.1764017093258,1366.04399999999 9.15845678169815,47.1763860008829,1365.678 9.15864661133172,47.1763617410931,1365.83500000001 9.15885069286229,47.1763244112931,1366.393 9.15909104482524,47.1763079603089,1367.7 9.1593622927813,47.1762753380791,1369.25599999999 9.1594748046512,47.1762565159447,1369.607 9.15952659768424,47.176238602046,1369.823 9.15979077019409,47.1761161065734,1370.637 9.1599579553472,47.1760393355616,1371.118 9.16008360226041,47.1759731814717,1371.556 9.16025825517976,47.1758677330697,1372.693 9.16033056352875,47.1758366551784,1373.24099999999 9.16041548613134,47.1758068189458,1373.917 9.16060048857421,47.1757626280034,1375.55499999999 9.16069540960469,47.1757183637948,1376.49099999999 9.16098226363915,47.175519825934,1380.62300000001 9.16106617381297,47.1754585781512,1382.048 9.16114324167908,47.1753803026387,1383.285 9.161207294404,47.1752879348686,1384.29700000001 9.16124185926317,47.1751902955975,1385.274 9.16127227627179,47.1750941489356,1386.19500000001 9.16134450049295,47.1749302412035,1387.476 9.16142732043447,47.1747704662537,1388.209 9.16153680778623,47.1745931526977,1389.387 9.1616031854705,47.1745078843964,1389.91499999999 9.16169387684403,47.1744622521473,1390.412 9.16180108654085,47.1744092288305,1390.88800000001 9.16185223324039,47.174371332372,1390.954 9.16188848471779,47.1743265064826,1390.569 9.16196998131594,47.1741253290985,1391.696 9.16206722716822,47.1738282154612,1393.367 9.16212447387112,47.1736545359485,1394.531 9.16215449369808,47.1736112428321,1394.45299999999 9.16219581231694,47.1735934846081,1394.40700000001 9.16223344321382,47.1735914902458,1394.55899999999 9.16227987553145,47.1736022205856,1394.787 9.16240308799875,47.1736560741921,1395.891 9.16251556700665,47.1737015234579,1396.59 9.16265084167419,47.1737394874141,1397.102 9.16278175197961,47.1737718035854,1397.857 9.16287837020668,47.1737803509475,1398.58199999999 9.16300979972911,47.1737641026997,1399.321 9.16314272728639,47.1737292532005,1400.23699999999 9.16323779380778,47.1736892671393,1400.82799999999 9.16330522660326,47.1736368387182,1401.39200000001 9.16338815148072,47.1735456171607,1402.315 9.16342390798878,47.1734850895461,1403.053 9.16342620123939,47.1734265031901,1403.83 9.1634048834222,47.1733496922193,1404.746 9.16336443146499,47.1732646030698,1405.76700000001 9.1633051017919,47.1731783664373,1406.516 9.16323265258762,47.1730751963332,1407.245 9.16321201235826,47.1730197968403,1407.564 9.16320649732566,47.1729784666895,1407.769 9.16321084120317,47.1729184100819,1408.193 9.16324459289748,47.1728607735893,1408.625 9.16333976210946,47.1727593728714,1410.14599999999 9.1634061346427,47.1726741034913,1411.40300000001 9.1634439283326,47.172612123788,1412.326 9.16345664616357,47.1725519505926,1413.005 9.16345099033792,47.1724882562036,1413.45299999999</coordinates></LineString>
  </Placemark>
  <Placemark>
	<styleUrl>#darkgreen</styleUrl>
      <LineString><coordinates>9.12886543727121,47.1781249994262,1649.842 9.12886123539461,47.1780997620873,1650.039 9.1288828063096,47.1780625131873,1650.11199999999 9.12890162270867,47.1780408152822,1650.014 9.12892269527697,47.1780220351829,1649.927 9.12895693541763,47.1780082347818,1649.70699999999 9.1289824973054,47.1779945618837,1649.60000000001 9.12900899070916,47.1779757111138,1649.389 9.12905197587614,47.1779647331457,1649.02899999999 9.12908335510088,47.1779635343142,1648.745 9.12912241111359,47.1779651736259,1648.474 9.12918052715205,47.1779532445224,1648.117 9.12923877289886,47.1779450021822,1648.22900000001 9.12930244934236,47.1779374177414,1648.74400000001 9.12935878879416,47.1779373274904,1648.53200000001 9.12942596636651,47.177937815661,1648.038 9.12949402851188,47.1779316421354,1647.713 9.12955455399952,47.1779270638231,1647.429 9.12962997636522,47.1779141333767,1647.099 9.12967107874413,47.1779120537224,1646.946 9.12971774160411,47.177914318755,1646.878 9.12977303327899,47.1779157281795,1646.891 9.12981962619517,47.1779157809792,1646.997 9.12986634611353,47.1779202673295,1647.088 9.12989132968388,47.17792211326,1647.149 9.12991818292222,47.1779150698214,1647.031 9.12996160135426,47.1779173824535,1647.061 9.13001268371615,47.1779225423479,1647.23699999999 9.13006710381155,47.1779306041057,1646.882 9.13011806959006,47.1779320769677,1646.658 9.13015039003785,47.1779264285684,1646.505 9.13019104871475,47.1779103201981,1646.38400000001 9.13021428373826,47.1778915080575,1646.327 9.13023957827846,47.1778689769278,1646.266 9.13025844070507,47.1778487535939,1646.166 9.13029483015834,47.1778349211824,1646.046 9.13034187415902,47.1778150301606,1645.989 9.13038474229883,47.1778003647086,1645.69899999999 9.13042772704232,47.1777893862259,1645.64 9.13048041160096,47.1777767895966,1645.583 9.13052858361198,47.1777583573876,1645.977 9.13056689219075,47.1777363725249,1645.75999999999 9.1306008383173,47.17771371407,1645.36900000001 9.13063048184099,47.1776918566267,1644.89599999999 9.13066354625501,47.1776751130417,1644.46400000001 9.13069991215616,47.1776605431043,1644.113 9.13072435848711,47.1776454107367,1643.802 9.13073469593126,47.1776297481485,1643.522 9.13073104114833,47.1776172423289,1643.296 9.13071960580167,47.1775982022924,1642.947 9.13070713593275,47.1775806619483,1642.344 9.13069953601437,47.1775460549585,1641.65700000001 9.13069489014882,47.177501804899,1641.743 9.13067990658258,47.1774732084311,1641.811 9.13065426914556,47.1774506885753,1641.917 9.13063297079979,47.1774281048951,1642.295 9.13061815115153,47.1774046881836,1643.162 9.13059678257209,47.1773798833124,1643.709 9.1305786820306,47.1773557771099,1643.99000000001 9.13055946628721,47.177330202829,1644.128 9.13055550803045,47.1773081018475,1644.298 9.13056126242216,47.1772843735416,1644.51700000001 9.13057754141164,47.1772508998222,1644.746 9.13060247182421,47.1772172898606,1644.25 9.13062114697645,47.1771911582941,1643.79399999999 9.13065088351511,47.1771722504314,1643.44500000001 9.13068400468345,47.1771577282164,1643.387 9.13071731275139,47.1771491141614,1643.504 9.13075413530112,47.1771485725419,1644.039 9.13081672911671,47.1771410031687,1645.82399999999 9.13086409923347,47.1771314444822,1647.07799999999 9.13090147617905,47.1771146463795,1647.868 9.13093456376794,47.1770986491039,1648.556 9.13095591552432,47.1770887263857,1649.344 9.13096392625495,47.1770679248209,1649.44100000001 9.13097602921781,47.1770396766542,1649.329 9.13099153002337,47.1770158139386,1648.951 9.13101779847721,47.1769903083363,1648.628 9.1310464210982,47.1769562211016,1648.398 9.13106418590942,47.1769326039694,1647.966 9.13109323941796,47.1769200578002,1647.32399999999 9.13114391049695,47.1768993213463,1646.166 9.13116824409207,47.1768739701294,1645.50199999999 9.13118418018976,47.1768480227118,1644.897 9.13119685152412,47.1768185605797,1644.20299999999 9.13122704681812,47.1767795558787,1643.32399999999 9.13125003154372,47.1767449397551,1642.56600000001 9.13128287517289,47.1767237457918,1642.22 9.13133142625577,47.1767023206969,1641.914 9.13138952934603,47.1766850375197,1641.474 9.1314623753006,47.1766703983604,1641.269 9.1315259401356,47.1766601782288,1641.04300000001 9.13157074914443,47.1766530950736,1641.14200000001 9.13161038048384,47.1766475095989,1640.967 9.13164187273999,47.1766499071277,1640.99000000001 9.13167846503688,47.1766479380987,1640.931 9.13170871187145,47.1766439212005,1641.01300000001 9.13174627829847,47.176639796566,1640.78599999999 9.13178489979663,47.1766356563904,1640.565 9.13183781211553,47.1766198798788,1640.57399999999 9.13186469430884,47.1766087779707,1640.413 9.1318873822785,47.1765977287944,1639.965 9.13192696856082,47.1765907223724,1639.762 9.13197159638293,47.1765779197379,1639.57799999999 9.13199635878765,47.176566129254,1639.55499999999 9.13201999834335,47.1765522140461,1639.682 9.13204258669569,47.1765376035571,1639.45299999999 9.13205708074244,47.1765323879559,1639.30100000001 9.132082272477,47.1765341583636,1639.113 9.1321202456836,47.1765428840978,1638.402 9.13215403816714,47.1765516713658,1637.93700000001 9.13218464653813,47.1765590750025,1637.463 9.13221498383504,47.1765579176324,1636.88099999999 9.13224114011014,47.1765568128113,1636.554 9.1322566763142,47.1765515908387,1636.198 9.13225958906492,47.1765444044671,1636.027 9.13224755559449,47.1765281534015,1635.531 9.13224601652498,47.1765124675812,1634.534 9.13226217808983,47.1764936601726,1633.37 9.13227228805438,47.1764820853454,1632.67600000001 9.13227692320862,47.1764634566277,1631.757 9.13228806545645,47.176451146854,1631.40300000001 9.13230576635702,47.1764480342516,1630.91800000001 9.13233599053451,47.1764433067693,1630.493 9.13234619074626,47.1764345826041,1630.27 9.13235624221408,47.1764215781328,1629.981 9.13236319080725,47.1764093390921,1629.773 9.13236578715087,47.1763921618884,1629.56600000001 9.13237048044767,47.1763749538104,1629.36 9.13238285496621,47.176369058623,1629.299 9.13240375285548,47.1763673204346,1629.07399999999 9.13241612736858,47.1763614252437,1628.99099999999 9.13243029562457,47.1763455081528,1628.859 9.13244329574072,47.1763260365148,1628.819 9.13245207915992,47.1763059072149,1628.637 9.132460772294,47.1762829272457,1629.36 9.13248670258728,47.1762746912007,1629.226 9.13252331738036,47.1762734413143,1629.16099999999 9.13255895778977,47.1762743380149,1629.341 9.13258737882162,47.176278921754,1629.55899999999 9.13261388376547,47.1762892466943,1629.02800000001 9.13266026719269,47.1762985591548,1628.82399999999 9.1327055730642,47.176307176715,1628.386 9.13274648138598,47.1763094262785,1627.425 9.13278424184763,47.1763110204325,1626.82000000001 9.13280846872889,47.1763156568875,1626.709 9.13284001903863,47.1763194747321,1626.087 9.13286184597185,47.176314160029,1625.45600000001 9.13288990499027,47.176307314042,1624.541 9.13291390597963,47.1763048193079,1624.027 9.13293092669801,47.1763131426124,1623.435 9.13294891190259,47.176318590714,1622.928 9.13297073853975,47.1763132669976,1622.503 9.13299688177607,47.1763121711914,1621.88 9.13301579577007,47.1763140338572,1621.37300000001 9.13303880017192,47.1763129842732,1620.87699999999 9.13306773333032,47.1763004123736,1620.43799999999 9.13309254066338,47.1762900514834,1620.17 9.13312371596446,47.1762824487866,1619.988 9.13315362344446,47.1762677302618,1619.86199999999 9.13317211710349,47.1762567426081,1619.694 9.13318974047428,47.1762507700144,1619.768 9.1332179578316,47.1762489238573,1619.72500000001 9.13324075848272,47.1762414444927,1619.38 9.13324752592428,47.1762234950693,1619.133 9.13326267728456,47.1762061328913,1618.436 9.13328533296408,47.1761936624062,1617.42600000001 9.13331662130027,47.1761896297365,1616.356 9.13335436822103,47.1761912149049,1615.30499999999 9.13338379903842,47.1761943530737,1614.51300000001 9.13341323918195,47.1761982018481,1613.80899999999 9.13343028245538,47.1762072354977,1613.308 9.13344933206654,47.1762133785904,1612.694 9.13347007170761,47.1762066492912,1612.24099999999 9.13348427144447,47.1761921531019,1611.67200000001 9.13350941804133,47.1761925023595,1610.99800000001 9.13353374874067,47.1761999981281,1610.283 9.13354761722151,47.1762083587891,1609.781 9.13355531186118,47.1762196714078,1609.033 9.13356300650416,47.176230984026,1608.334 9.13357682064624,47.1762372132328,1607.758 9.13359865679779,47.1762326090028,1607.249 9.13362237951253,47.1762246661337,1606.663 9.13364296068239,47.1762129368941,1605.97100000001 9.13366573874424,47.1762047470263,1605.317 9.13368057197157,47.1762102414575,1604.89599999999 9.13368944417794,47.1762258192132,1604.272 9.13369515504555,47.1762407327999,1603.732 9.13371547287038,47.1762540006546,1603.204 9.13373028360118,47.1762587846605,1602.811 9.13375106825564,47.1762534761482,1602.201 9.13377041335811,47.1762360521047,1601.788 9.13378693626981,47.1762286651364,1601.492 9.13380393458361,47.1762362778931,1601.003 9.13383702444548,47.1762557812646,1599.633 9.13386237458306,47.1762625511916,1598.962 9.13388143387755,47.1762694138183,1598.594 9.13390369023147,47.176277650829,1597.849 9.13392906290581,47.17628513116,1597.36 9.13395100259303,47.1762833773362,1596.916 9.13397362243784,47.1762701964915,1596.28200000001 9.13399833893575,47.1762569757457,1595.73299999999 9.1340158715679,47.1762481433654,1595.363 9.1340535735115,47.1762483074669,1594.55 9.13407781366272,47.1762529434603,1593.981 9.13409280544171,47.1762634377469,1593.375 9.13410786507264,47.1762760722802,1592.912 9.13413194702646,47.1762757173462,1592.524 9.13415704805474,47.1762746276396,1592.076 9.1341760074034,47.1762779199445,1591.59 9.13419188258434,47.1762833989533,1590.965 9.13421375441194,47.1762795048309,1590.30100000001 9.13423435828025,47.1762684948968,1590.005 9.13425288771311,47.1762582262861,1589.63800000001 9.13427783050253,47.1762521456374,1589.20699999999 9.13430920917509,47.1762509633649,1588.713 9.13434807909278,47.1762546729037,1587.974 9.1344034721344,47.1762510043652,1587.308 9.13444852933274,47.1762517706635,1586.827 9.13448090483094,47.1762491521481,1586.664 9.13452046770432,47.1762414254216,1586.36599999999 9.13454954582587,47.1762338532515,1586.34 9.13456489102106,47.1762222010343,1586.54399999999 9.13459053602611,47.176205394723,1586.62300000001 9.13461320073428,47.1761936345893,1586.492 9.13461899369676,47.1761778406937,1586.308 9.13462370877674,47.1761613429415,1585.963 9.13463285378001,47.1761526431204,1585.74000000001 9.13466197717778,47.1761465007515,1585.015 9.1346648123757,47.1761364634569,1584.573 9.13467195082033,47.1761306452156,1584.31600000001 9.13469783535775,47.176120978842,1583.26700000001 9.13469953413884,47.1761088080553,1582.86599999999 9.13469088807813,47.1761003705336,1582.572 9.13468224173505,47.1760919240185,1582.178 9.13468393146433,47.1760790516116,1581.876 9.13469898229484,47.176058118971,1580.955 9.13470462600457,47.1760380357756,1580.162 9.13471589044183,47.1760300154494,1579.591 9.13473871360377,47.1760232551987,1578.96400000001 9.13474889081462,47.1760138204008,1578.734 9.13475164492941,47.1760016430497,1578.49099999999 9.13477654219905,47.1759941324625,1577.914 9.13480267561593,47.1759923166401,1577.406 9.1348259513419,47.1759998276922,1576.64999999999 9.13484175863185,47.1760031663632,1576.216 9.13486156936243,47.1760000222533,1576.01300000001 9.13487064613802,47.1759891731719,1575.77899999999 9.13488504935288,47.1759811065466,1575.284 9.13491946691385,47.1759763165447,1574.62300000001 9.13494443202725,47.1759709461694,1574.02 9.13497355529026,47.1759648037215,1573.073 9.13499741063723,47.1759573084501,1572.538 9.13501698168985,47.1759470243517,1572.08500000001 9.13505136321087,47.1759415150935,1571.352 9.1350891231961,47.1759430994983,1570.353 9.13512161171477,47.1759440508803,1569.515 9.13515311690217,47.1759464472535,1569.08500000001 9.13519625776574,47.1759529455173,1568.251 9.13522049816731,47.1759575902628,1567.855 9.13524136007994,47.1759551413347,1567.53999999999 9.13525884733684,47.1759448879272,1567.23699999999 9.13527417910618,47.175933235809,1566.736 9.13529475980149,47.175921506273,1565.90399999999 9.13532087997701,47.1759196905272,1565.227 9.13534713594112,47.1759221552718,1564.746 9.13537566093159,47.1759295977869,1563.857 9.13539548066726,47.1759271552054,1563.129 9.13541643328081,47.1759275659047,1562.632 9.13544388039855,47.1759343045539,1561.935 9.13546916240178,47.1759389248865,1561.128 9.13550279642693,47.1759427112647,1560.178 9.13553852767842,47.1759464756937,1559.143 9.13556380969553,47.1759510960055,1558.628 9.13558300490663,47.1759622388468,1558.076 9.13559496172124,47.175975629712,1557.78999999999 9.13560173779376,47.1759912472468,1557.5 9.13561777138819,47.1760017169733,1557.035 9.1356275633749,47.1760129985205,1556.72900000001 9.13564070753924,47.1760313741127,1556.538 9.13565612019737,47.1760547094888,1556.05 9.13567748059969,47.1760679706204,1555.484 9.13570394038195,47.176076856027,1554.99800000001 9.13571890025039,47.176085920078,1554.647 9.1357328050588,47.1760949996923,1554.33900000001 9.13575248930155,47.1760882855463,1553.868 9.13577865491317,47.1760878995262,1553.38499999999 9.1358132176455,47.1760881003654,1552.61199999999 9.13585504516379,47.176086052762,1551.66499999999 9.13588661838475,47.1760905891819,1550.95699999999 9.13592256287339,47.1761014848476,1550.141 9.13595852056502,47.1761123803075,1549.41499999999 9.13599443289523,47.1761218459267,1548.887 9.13603537723303,47.1761248135368,1548.04399999999 9.1360700081999,47.1761271635391,1547.272 9.13610152289613,47.1761302702654,1546.71000000001 9.13614162915064,47.176139673954,1545.872 9.13616922168474,47.1761514035377,1545.27499999999 9.13618949499356,47.176163250119,1544.59 9.13620969073607,47.1761722368438,1544.24000000001 9.13622881794492,47.1761812303365,1543.734 9.13625199411249,47.1761851798209,1543.183 9.13627606282277,47.1761848246325,1542.60400000001 9.13630974244428,47.1761900406037,1541.887 9.13633319972314,47.1762032616743,1541.262 9.13635037936287,47.1762165753859,1540.844 9.13637999163018,47.1762254231117,1540.33199999999 9.13640750696026,47.1762343017778,1539.89 9.13644240977209,47.1762452126571,1539.484 9.13647715387923,47.1762511236205,1539.144 9.13653910938661,47.1762559221951,1538.591 9.13657789832931,47.1762574909277,1538.23 9.13660739731831,47.1762627685187,1538.035 9.13664121291603,47.176272264887,1537.825 9.1366738961424,47.1762789259592,1537.655 9.13671922519889,47.1762882523563,1537.257 9.1367509892797,47.1762992094747,1537.205 9.13677645315675,47.1763095488353,1537.06299999999 9.13679975213965,47.1763177788981,1536.276 9.13682597615727,47.1763188132812,1535.622 9.1368483012266,47.1763291989616,1535.061 9.13686342948353,47.1763439733808,1534.223 9.13687753842435,47.176359473597,1533.681 9.13689758525257,47.1763641799012,1533.12 9.13692878261353,47.1763572865912,1532.673 9.13697063314362,47.1763559579929,1531.849 9.13700490136084,47.1763468780755,1531.06 9.13702169599641,47.176348060623,1530.757 9.13704602725881,47.1763555556482,1530.177 9.13707248769633,47.1763644497319,1529.857 9.13710305152066,47.1763704312237,1529.45 9.13712216957864,47.1763787139546,1529.118 9.13714410919939,47.1763769595219,1528.587 9.13716485781144,47.1763709401695,1527.91499999999 9.13719640875026,47.1763747658115,1527.31600000001 9.13721652329727,47.1763816033142,1527.02 9.13723837238273,47.1763769981986,1526.614 9.1372547589146,47.1763653302389,1526.27099999999 9.13726146642589,47.1763459509459,1525.817 9.13725658285751,47.1763238818069,1525.27800000001 9.13724755080454,47.1763033044224,1524.818 9.1372567633772,47.1762967446398,1524.428 9.13727585887021,47.1763043169273,1524.031 9.13730649065701,47.1763124386118,1523.55 9.13734003422281,47.1763133647949,1522.572 9.13736119093149,47.1763201958801,1521.974 9.13738667750038,47.1763312455235,1521.341 9.13741417048776,47.1763394135304,1520.77800000001 9.13744877880385,47.1763410437067,1519.87 9.13747911557723,47.1763398759554,1518.88400000001 9.13750654060106,47.1763459036935,1518.20699999999 9.13752670059406,47.1763541709707,1517.65300000001 9.1375495915228,47.1763495504093,1516.681 9.13757058007312,47.1763506709393,1516.174 9.13760021518327,47.1763602287686,1515.467 9.13763405387179,47.1763704442554,1514.79700000001 9.1376573981483,47.1763800949803,1514.269 9.1376746461635,47.1763955487399,1513.86900000001 9.13768855138444,47.1764046281169,1513.613 9.13770839404438,47.1764029045477,1513.105 9.13772530212663,47.1764076570674,1512.795 9.1377434560695,47.1764188149352,1512.54300000001 9.13777304582452,47.1764269428914,1512.12 9.13781318483198,47.1764377760197,1511.57799999999 9.13785330128558,47.1764478987161,1510.601 9.13787970709425,47.1764546521727,1510.083 9.13789562813426,47.1764615604984,1509.526 9.13790158810556,47.1764514679619,1509.05 9.13790329964204,47.1764393059267,1508.606 9.13793350046253,47.1764338575629,1508.03 9.13796584365959,47.1764298080433,1507.247 9.13798688706316,47.1764330689385,1506.463 9.13802074844406,47.1764439947291,1505.50900000001 9.13804517075237,47.1764543491996,1504.848 9.13808419994678,47.1764630573784,1503.67200000001 9.13811145304112,47.1764640852641,1503.19899999999 9.13813842414911,47.1764558235606,1502.757 9.13815634192381,47.1764591306014,1502 9.13815885660068,47.1764726607041,1501.269 9.13817278478411,47.1764824594328,1500.621 9.13820034569367,47.176492758505,1499.908 9.13823820642095,47.1764979121448,1498.611 9.13827407426207,47.1765059562156,1497.474 9.13830527152822,47.1764990625324,1496.41499999999 9.13832193021034,47.1764959643978,1495.704 9.13835592773224,47.1765111705818,1494.538 9.13837308539744,47.1765237735724,1493.82399999999 9.13839951388666,47.1765312373273,1493.22199999999 9.13842138550904,47.1765273424049,1492.818 9.1384474378542,47.1765233857034,1492.34699999999 9.13849136285489,47.176521315149,1491.762 9.13851759668147,47.1765230687516,1490.609 9.13855783970437,47.1765367520886,1489.427 9.13859069164009,47.1765491231303,1488.197 9.13860793997954,47.1765645767494,1486.963 9.13864265256057,47.1765690660277,1485.861 9.13867311259291,47.1765721876406,1485.193 9.13871216455722,47.1765816060238,1484.045 9.13873439920319,47.1765891316812,1483.236 9.13876929332744,47.1765993312408,1482.147 9.13878516907438,47.1766048096151,1481.749 9.13881349991174,47.1766065321589,1481.201 9.13884183075097,47.1766082546959,1480.791 9.13886700016199,47.1766093131997,1480.842 9.13888819295521,47.1766168542262,1479.04399999999 9.13891144694259,47.1766236540325,1478.36500000001 9.13893149376295,47.1766283509893,1477.622 9.13895661772958,47.1766279796455,1477.35799999999 9.13898695491872,47.1766268204891,1476.576 9.13901016346583,47.1766321904475,1475.984 9.13903228467348,47.1766361459737,1475.54399999999 9.13906578329948,47.1766356508182,1475.13 9.13910548217502,47.1766322119989,1474.70699999999 9.13913667940765,47.1766253180904,1474.716 9.13916153117634,47.1766163857199,1475.849 9.13919591270055,47.1766108752236,1475.837 9.13922297464049,47.1766054729218,1475.868 9.1392508971784,47.1765943538852,1476.011 9.1392684745174,47.1765869505327,1476.197 9.13927434360123,47.1765740072624,1475.898 9.13927375371164,47.1765554554709,1475.599 9.1392508379095,47.1765265094776,1475.527 9.13924086349755,47.1765095179216,1475.55499999999 9.1392257574113,47.176495463226,1475.272 9.13921173839272,47.1764828139616,1474.936 9.13919577171443,47.1764744759902,1474.69899999999 9.13919331163649,47.1764630863508,1474.07000000001 9.13921078511318,47.1764528325388,1472.973 9.13923789243466,47.1764488600612,1472.057 9.13926804794663,47.1764419905116,1470.976 9.13928996493364,47.1764395252519,1470.349 9.13931201802771,47.176441340479,1469.921 9.13933716449369,47.1764416794697,1469.32799999999 9.13935472886809,47.1764342852914,1468.553 9.13936165298483,47.1764213264178,1467.66899999999 9.13936014382337,47.1764070617227,1466.984 9.13933878265833,47.176393810269,1466.061 9.13932670189096,47.1763761391085,1465.25 9.13931038176621,47.1763571001202,1464.57399999999 9.13929615860257,47.176338030129,1463.469 9.13927994233088,47.1763218416045,1462.74800000001 9.13926802029333,47.1763091613462,1462.03200000001 9.13926533317538,47.1762906315609,1461.289 9.13926285050228,47.1762785315047,1460.75 9.13928140156191,47.1762689725016,1459.997 9.13928210317544,47.176258255871,1459.588 9.13927113210278,47.1762427005544,1459.16 9.13928356448217,47.1762382342574,1458.80899999999 9.13930338443958,47.1762357999951,1458.492 9.13932591201432,47.1762197584418,1457.709 9.13934755639889,47.1762087231958,1457.007 9.13936299147347,47.1761999299943,1456.344 9.13936109657092,47.1761735342426,1455.70299999999 9.13935095380079,47.1761508321803,1455.48299999999 9.13934300831312,47.1761316693844,1454.19 9.13934056140794,47.1761202795522,1453.137 9.1393579209365,47.1761064466507,1452.306 9.13937546232172,47.1760983330583,1451.524 9.13941497919448,47.1760891838125,1450.276 9.13944123543035,47.1760916476222,1449.696 9.13946215585893,47.1760906275615,1449.171 9.13945857261826,47.1760771132803,1448.686 9.13944150549087,47.1760673611136,1448.44 9.13941816102899,47.1760577107501,1448.289 9.13939895179622,47.1760465687443,1447.689 9.13939845251722,47.1760308676144,1447.444 9.1394114954865,47.1760128250153,1447.164 9.13943049410722,47.1760015769566,1447</coordinates></LineString>
  </Placemark>
  <Placemark>
	<styleUrl>#green</styleUrl>
      <LineString><coordinates>9.15418224053865,47.2221832059799,1156.223 9.15417766065279,47.2222400529486,1155.34600000001 9.15420570078056,47.2223508264423,1153.595 9.15422073215011,47.2224101522051,1152.632 9.15424275790084,47.222470561321,1151.45299999999 9.1542712514483,47.222559663776,1149.379 9.15437096201445,47.2227699983179,1142.356 9.15441110663412,47.2228698852025,1138.85799999999 9.15445923235686,47.2229275481737,1137.11500000001 9.1544879466471,47.2229679836645,1136.30100000001 9.15450732851422,47.2230377528005,1134.41800000001 9.15449761886078,47.2230894760783,1133.511</coordinates></LineString>
  </Placemark>
  <Placemark>
	<styleUrl>#green</styleUrl>
      <LineString><coordinates>9.15243295175374,47.2181349359128,1229.08 9.15243687100072,47.2181587370652,1228.80100000001 9.15244633521348,47.2181866211891,1227.88800000001 9.1524631732357,47.218230733719,1227.027 9.15246142601997,47.2182833099952,1226.07000000001 9.1524516497546,47.2183523439684,1225.10000000001 9.15243984509725,47.2184120694635,1224.42999999999 9.15243208906814,47.2184687477533,1223.694 9.1524211536365,47.2184938136584,1223.27800000001 9.15238334876601,47.2185140254062,1222.212 9.15233208492189,47.218514788487,1221.539 9.15228411163483,47.2185176887865,1221.04300000001 9.15227218382529,47.218525810495,1220.89 9.15226704129716,47.2185392202847,1220.713 9.15228423102391,47.2185522976669,1220.253 9.15234981188262,47.2185932105584,1218.977 9.15244924946837,47.2186431470256,1216.243 9.15254832097415,47.2186816629331,1214.073 9.15266431181328,47.2187256398267,1211.32799999999 9.15280254220365,47.2187947913863,1208.345 9.15302455554577,47.2189193929849,1202.682 9.15313516620808,47.2189701611385,1200.073 9.15325545537341,47.2190229532736,1197.595 9.15340749880678,47.219066554439,1194.3 9.15350489868006,47.219090789537,1191.901 9.15353997461732,47.2190995247701,1190.876 9.15354134276976,47.2191014207078,1190.819 9.15356010260425,47.2191276098359,1190.174 9.15350690450003,47.2191677002366,1189.302 9.15339345058514,47.2192283550762,1187.74800000001 9.15329994068364,47.2193105479833,1185.947 9.15323155944221,47.2193770810276,1184.183 9.15318602282894,47.2194563641528,1182.454 9.15317086704491,47.2195832556848,1180.005 9.15318064288749,47.2196879227203,1178.399 9.15319624738638,47.2197750491762,1177.257 9.15325080360191,47.2198768630916,1176.836 9.15330549759117,47.2199162911814,1176.712</coordinates></LineString>
  </Placemark>
  <Placemark>
	<styleUrl>#green</styleUrl>
      <LineString><coordinates>9.15284602116473,47.2178498315634,1241.19 9.15270240075335,47.2177690015139,1244.82399999999 9.15231619239783,47.2175192510068,1253.41800000001 9.15194690688673,47.2172976322784,1262.08900000001 9.15180635614721,47.2172123740196,1265.389 9.15166021999816,47.2170797316209,1268.512 9.15157560013396,47.2170062633423,1270.42999999999 9.15150525443691,47.2169500903877,1272.29300000001 9.15139695278433,47.216886312998,1274.514 9.15128676207037,47.2168167336897,1276.38400000001 9.15118889197375,47.2167574702594,1278.118 9.15108238178206,47.2166960050988,1279.988 9.15101788414905,47.2166484087782,1281.246</coordinates></LineString>
  </Placemark>
  <Placemark>
	<styleUrl>#green</styleUrl>
      <LineString><coordinates>9.15330549759117,47.2199162911814,1176.712 9.15331887592575,47.2199690110588,1176.084 9.15332875031213,47.2199981305568,1175.675 9.15333859837857,47.2200260178857,1175.277 9.15336099873301,47.2200549508252,1174.899 9.15339031843913,47.2200764663138,1174.645 9.1534194814848,47.2200930988709,1174.423 9.15345934938347,47.2201083484145,1174.19899999999 9.15351359043957,47.2201258309851,1173.883 9.15355710035639,47.2201434643781,1173.59299999999 9.153593391946,47.22015878514,1173.32000000001 9.15364452538161,47.2201909427225,1172.504 9.1536976883052,47.2202303754451,1171.378 9.15372911617564,47.2202616119672,1170.995 9.15374977362772,47.2202917763676,1170.88499999999 9.15378182757,47.2203425175893,1170.576 9.15382561583795,47.2204247706881,1169.883 9.15385250587923,47.2204816616539,1169.38099999999 9.15386420150979,47.2205119685422,1168.969 9.15388470298438,47.2205372679788,1168.535 9.15391049834184,47.2205600504117,1168.06 9.15396167131965,47.2205934218363,1167.31 9.15405476895483,47.2206505588899,1166.22199999999 9.15414620390898,47.220704436816,1165.398 9.15421134746168,47.22075833757,1164.989 9.15425220866719,47.2208032704541,1164.64 9.15428260003562,47.2208425114259,1164.451 9.15431039737594,47.220907485881,1164.10000000001 9.15434355393943,47.2209793799701,1163.81200000001 9.15439685771985,47.2210918462316,1163.327 9.15444018450807,47.2211600889806,1163.21000000001 9.15446410051669,47.2212111042406,1163.209 9.15447416574481,47.2212576565801,1163.19100000001 9.15447686419601,47.2212894650043,1163.12699999999 9.15446789626718,47.2213367238422,1163.039 9.15444882815757,47.22139556812,1162.871 9.15442833556047,47.2214758549788,1162.567 9.15440758123343,47.2215475807879,1162.041 9.15439520823405,47.2216191726943,1161.00599999999 9.15438641516772,47.2217068424927,1159.726</coordinates></LineString>
  </Placemark>
  <Placemark>
	<styleUrl>#green</styleUrl>
      <LineString><coordinates>9.45745842976071,47.2738047477502,1277.697 9.45756308021156,47.2737097183284,1277.717 9.45756835438962,47.2737065577804,1277.74000000001 9.4576215845302,47.2736766802452,1278.061 9.45765711343416,47.2736541488649,1278.36 9.45769582607796,47.2736420437637,1278.69 9.45772916636931,47.273635746187,1278.993 9.45776410979485,47.2736351339159,1279.37699999999 9.45779940343867,47.273643081107,1279.819 9.45787763737721,47.2736769444139,1280.98 9.45794775723379,47.2737185707298,1282.296 9.45798683351993,47.2737531201375,1283.208 9.45802241539138,47.2737686830845,1283.476 9.4580520944196,47.2737767285912,1283.651 9.45808015740526,47.2737790980028,1283.762 9.45811356951411,47.2737746975276,1283.997 9.45815240353112,47.2737654513477,1284.435 9.45822722148903,47.2737460551644,1285.572 9.45827575925149,47.2737347224094,1286.345 9.45831289146115,47.2737178851268,1287.05 9.45836932760012,47.2736930886156,1287.91099999999 9.45844662189653,47.2736650742744,1288.652 9.45852798262826,47.2736341273989,1288.89999999999 9.45859151511962,47.2736120585906,1288.137 9.45865389965848,47.2735966860083,1287.28200000001 9.4587498268223,47.2735807163794,1286.209 9.45883042582785,47.2735659781235,1285.704 9.45897510710329,47.2735444028995,1284.58900000001 9.4590781209784,47.2735302072169,1282.95600000001 9.45913970398045,47.2735310349107,1282.553 9.45921545758258,47.2735363737712,1282.262 9.45928568151412,47.2735437080171,1281.789 9.45934341387266,47.273553168738,1281.489 9.45939306872501,47.2735713546877,1281.124 9.45952655934514,47.2736232865894,1279.242 9.45962450402416,47.2736606089956,1278.632 9.45970839928829,47.2736962702623,1278.659 9.45985881338,47.2737517289051,1279.163 9.45997966536866,47.2738029282424,1278.546 9.46008217210281,47.2738496895951,1278.29700000001 9.46014316104439,47.2738714733493,1278.219 9.46027611270502,47.2739091348335,1278.24000000001 9.46034406905659,47.2739302294072,1278.273 9.46038655538347,47.2739437720323,1278.356 9.46042490759332,47.2739588087792,1278.145 9.46045474954214,47.2739711426219,1277.981 9.46048331504933,47.2740049218905,1277.712 9.46050541672759,47.2740345317563,1277.37 9.46053188171683,47.2740683478683,1277.014 9.46056475646296,47.2741049037146,1276.651 9.46060080036857,47.2741699799914,1275.46000000001 9.46062101753272,47.2742053273147,1274.73 9.46064726639487,47.2742334337838,1274.258 9.46067539958799,47.2742557937729,1273.967 9.46071512982224,47.2742709052196,1273.58100000001 9.46081112585367,47.2742930280783,1272.749 9.46091820006613,47.2743130489775,1272.586 9.46101394382201,47.274328508952,1272.611 9.46113898057406,47.2743425009954,1272.344 9.46123582339446,47.2743503296151,1272.28599999999 9.46136191337406,47.2743547835799,1272.94100000001 9.46145323977099,47.2743646073192,1273.05899999999 9.46155863855754,47.2743770361586,1273.232 9.4616375549351,47.2743918372825,1273.567 9.46173084593048,47.274416868077,1274.26300000001 9.46182724870602,47.2744504007852,1275.44899999999 9.46191394748234,47.2744860112646,1276.8 9.46197353749829,47.2745078186337,1277.723 9.46203722071802,47.274526701894,1278.409 9.46209364940601,47.274539045357,1278.784 9.4621548431923,47.2745665378855,1279.333 9.46222079276745,47.2746082348984,1280.329 9.46230559290502,47.2746676768177,1281.868 9.46240758238533,47.2747373078855,1283.573 9.46250377694108,47.2748022809634,1285.535 9.46255164305308,47.2748471475945,1286.692 9.46258410788981,47.2748913219734,1287.458 9.46261806908168,47.2749383492621,1288.06600000001 9.46264063107007,47.2749737810332,1288.436 9.46266756123279,47.2750212107219,1289.04300000001 9.46269230551565,47.2750772354202,1290.12699999999 9.46272188907396,47.2751280465392,1291.38 9.46276131872429,47.2751735471341,1292.435 9.46281093230166,47.2752222968807,1293.27499999999 9.4628634448805,47.2752812528339,1294.356 9.46293406077312,47.2753535759549,1296.125 9.46298637924268,47.2754074066894,1296.79399999999 9.46303573372946,47.2754493137976,1296.01300000001 9.46308476363798,47.2754826609678,1295.399 9.46314397788555,47.2755192662445,1294.595 9.46323854261828,47.2755603790054,1293.826 9.46331309068616,47.2756035528997,1292.65300000001 9.46336178367907,47.2756283582502,1291.749 9.46339783148287,47.2756571737075,1291.17600000001 9.46344183574666,47.2757106734582,1290.719 9.46350896183349,47.2757651975214,1290.76700000001 9.46355512152554,47.2758200989575,1290.74000000001 9.46362666578202,47.2758802587339,1290.814 9.4636849696279,47.2759235108983,1290.86599999999 9.46373010042802,47.2759512848886,1290.95299999999 9.46380706729941,47.2759884956142,1291.14200000001 9.46388833087378,47.2760284919835,1291.416 9.46393556252837,47.2760562289749,1291.52800000001 9.46398316007146,47.2760939557405,1291.7 9.46403964789336,47.2761443836647,1292.09699999999 9.46408063198654,47.2761736610059,1292.538 9.46412984316103,47.2761985109208,1292.815 9.4641958329466,47.2762230569025,1292.671 9.46424047665593,47.276237981832,1292.50599999999 9.46427689369965,47.2762573431582,1292.514 9.46432213326268,47.2762879672205,1292.65399999999 9.46437822927148,47.2763284056482,1293.197 9.46442319833684,47.2763518994086,1293.62300000001 9.46448951367473,47.2763850141231,1294.261 9.46457858175668,47.2764271851798,1294.344 9.46460302695874,47.2764400807263,1294.25599999999 9.46475759169733,47.2765223447226,1293.951 9.46485195143913,47.2765586731336,1293.641 9.46493775282744,47.2765788574761,1292.848 9.46508207491349,47.2766016387072,1291.63800000001 9.46523989374581,47.2766295989054,1290.739 9.46542146249593,47.2766535241961,1290.55899999999 9.46553877519369,47.276664120396,1290.905 9.46561626652434,47.2766576378381,1290.88800000001 9.46562087939966,47.2766572597839,1290.886 9.46572437076437,47.2766374174095,1290.80499999999</coordinates></LineString>
  </Placemark>
  <Placemark>
	<styleUrl>#green</styleUrl>
      <LineString><coordinates>9.45494529308708,47.2712890005364,1210.201 9.45489960798858,47.2712869207402,1210.66499999999 9.45485049904783,47.2712820396337,1210.80499999999 9.4547875418582,47.2712682053776,1210.92200000001 9.45471450922762,47.2712557080461,1211.125 9.45462299857075,47.2712446766323,1211.8 9.4545265451525,47.2712371776551,1212.296 9.45443506481688,47.2712272972408,1213.21799999999 9.45432353041966,47.271216004052,1214.844 9.45418793119996,47.2712129595042,1215.924 9.45414816270813,47.2712254328217,1216.522 9.45410487977752,47.2712411077182,1217.014 9.4540443504394,47.2712467551346,1218.13099999999 9.45398713031549,47.2712500682777,1219.281 9.45393356778072,47.2712613251834,1220.53 9.45389028543688,47.2712770179822,1221.943 9.45385037142145,47.271292642859,1223.601 9.45382379867828,47.2713034456872,1224.315</coordinates></LineString>
  </Placemark>
  <Placemark>
	<styleUrl>#green</styleUrl>
      <LineString><coordinates>9.45382379867828,47.2713034456872,1224.315 9.45369721562925,47.2712198773627,1222.59600000001 9.4535740023799,47.2711138552441,1220.93399999999 9.45348135125994,47.2710403733522,1219.501 9.45331184902554,47.2709600203895,1217.501 9.45323114903819,47.2708981070523,1216.514 9.45314012106748,47.2708213754193,1215.534 9.4530672957641,47.2707726585694,1215.234 9.45301233201354,47.2707436218325,1215.046 9.45277687847704,47.2706677500917,1214.795 9.45253384248164,47.2705853432693,1214.636 9.45240014166052,47.2705460216149,1214.474 9.45224236544717,47.2705171167295,1214.29300000001 9.45206400677386,47.2704619117465,1214.527 9.4517993774227,47.2703915414485,1214.58 9.45111149422241,47.2701985950025,1214.863 9.45084924863316,47.2701265163952,1215.077 9.45079453789419,47.27010414134,1215.071</coordinates></LineString>
  </Placemark>
  <Placemark>
	<styleUrl>#green</styleUrl>
      <LineString><coordinates>9.44213530296645,47.2651995904773,1251.488 9.44196997666569,47.2651985603159,1252.238 9.44182788331828,47.2651960192962,1252.664 9.44167521678436,47.2651720140215,1252.995 9.44148017900447,47.2651287527458,1253.626 9.44147065539613,47.2651257511906,1253.678 9.44144654020979,47.265118189639,1253.807 9.44131915528701,47.2650782148054,1253.924 9.4411481642312,47.2650057881062,1253.92200000001 9.44104077213047,47.2649554333158,1254.05 9.44090576125423,47.2648904336694,1254.30899999999 9.44065385132816,47.2647664984007,1254.872 9.44036527445729,47.2646431996471,1255.97199999999 9.44017188447417,47.2645782326926,1256.318 9.4399564888598,47.2645136476669,1256.745 9.43985224795012,47.2644894736521,1257.192 9.43972929975004,47.2644609457818,1257.488 9.43952681017045,47.264414472631,1257.928 9.43935556595762,47.2643524487947,1258.545 9.43927601083622,47.2643009791838,1258.973 9.43918498290393,47.2642420968814,1259.33100000001 9.43900378833945,47.2641102630854,1259.83900000001 9.43877712179846,47.2639408982568,1260.686 9.43865237526507,47.2638780751852,1261.208 9.4385006959896,47.2638157104832,1262.204 9.43837437974348,47.2637762447711,1263.621 9.43825113099698,47.2637533889737,1265.40700000001 9.43810924244717,47.2637558514646,1267.583 9.43806906678147,47.2637535165432,1268.257 9.43795467263556,47.2637468641413,1269.944 9.43784616169317,47.263725425693,1271.183 9.43774410834508,47.2636805356981,1272.314 9.43773870682749,47.2636767695133,1272.393 9.4376108971611,47.2635878608843,1273.136 9.43742952187632,47.2634510342423,1272.41499999999 9.43731350539217,47.2633597163225,1272.66 9.43726816504366,47.2633359218192,1272.90399999999 9.43720381445964,47.2633021369861,1273.213 9.43701962448505,47.2632192982861,1274.14599999999 9.43693394426688,47.2631774616546,1274.53999999999 9.43683837917385,47.2631141215354,1275.175 9.43675690861829,47.2630629173957,1275.863 9.43667111343875,47.263017996442,1276.53 9.43661061094661,47.2629803566253,1277.10799999999 9.43657828858729,47.2629544016512,1277.401 9.43654265630822,47.2629258228252,1277.83500000001 9.43649413709145,47.2629050073241,1277.893 9.43643462528905,47.2628832397413,1277.905 9.4363558260987,47.2628532499868,1277.834 9.43631038868773,47.2628540378423,1277.724 9.43624731030281,47.2628690596081,1277.465 9.43618194646541,47.2628841119665,1277.35400000001 9.43608432737336,47.2628873610076,1277.099 9.43594995264394,47.2628803962413,1276.732 9.43587004535349,47.2628709485565,1276.501 9.43575915783161,47.2628233578003,1276.19100000001 9.43567582216134,47.262783027177,1276.213 9.43559504737641,47.2627503809176,1276.37699999999 9.4355146065429,47.2627270141843,1276.561 9.43542264614158,47.2626992043632,1276.842 9.43533948443446,47.2626635131722,1277.109 9.43520757271977,47.2626008106479,1277.74099999999 9.43507379393458,47.2625489642628,1278.455 9.43493803335808,47.2625049078671,1279.091 9.43472883485097,47.2624419963968,1279.96799999999 9.43453105357386,47.2623804253279,1280.379 9.43441142773194,47.2623422700546,1279.88099999999 9.43428929898199,47.26229796777,1279.834 9.43413922750931,47.262235569614,1279.469 9.43405663218116,47.2622153433201,1279.26700000001 9.43399478538088,47.2622024864282,1279.06600000001 9.43391505250472,47.2621976680738,1278.74400000001 9.43379231544387,47.2621982550753,1278.072 9.43372143914181,47.2621871019671,1277.908 9.43364094218827,47.2621621873616,1277.859 9.43355312325321,47.2621234804345,1277.75900000001 9.43348888960709,47.2621075784798,1277.825 9.43344102047137,47.2621037556393,1277.855 9.43335678901921,47.2621005713504,1277.93700000001 9.43329051439676,47.2620908858688,1278.031 9.4332028691605,47.2620568183551,1278.36500000001 9.43308260949734,47.2620016495334,1278.895 9.43298337395025,47.261961583261,1279.537 9.43284983032419,47.2619159295181,1280.046 9.43269304876474,47.261856749785,1280.34 9.43247548058664,47.2617521950318,1281.159 9.43226688538884,47.261644398484,1282.001 9.43204010294797,47.2615369072586,1283.167 9.43190355199454,47.2614711861963,1283.742 9.43176232874197,47.2614024416902,1284.72199999999 9.43164849690461,47.261336336286,1285.601 9.4314946324706,47.2612337728161,1286.113 9.43132949409539,47.2611329607055,1287.003 9.43121815249225,47.2610729930609,1288.277 9.4311302213403,47.2610311821596,1289.64 9.43104042251515,47.261000236413,1290.777 9.43093658940047,47.2609587093725,1291.91899999999 9.43087631090562,47.2609272529993,1292.74000000001 9.43085471097577,47.2608966843135,1293.141 9.43085361488739,47.2608673086248,1293.599 9.43088193596917,47.2608343111233,1294.42 9.43091001364668,47.2607951455776,1295.09299999999 9.43090897490244,47.2607673074592,1295.49400000001</coordinates></LineString>
  </Placemark>
  <Placemark>
	<styleUrl>#green</styleUrl>
      <LineString><coordinates>9.4756416009259,47.2853312061481,1309.981 9.47564811414497,47.2853646607555,1309.95299999999 9.47565743131865,47.2853887803746,1309.944 9.47567775760497,47.2854262646739,1309.87 9.47570760072634,47.2854657311767,1309.698 9.47574136020686,47.2854979844297,1309.45600000001 9.47576942431814,47.2855182096889,1309.30100000001 9.47582850566653,47.2855535783825,1309.03200000001 9.47588341284266,47.2855897496252,1308.952</coordinates></LineString>
  </Placemark>
  <Placemark>
	<styleUrl>#green</styleUrl>
      <LineString><coordinates>9.45856612623274,47.2746927692567,1269.751 9.45857173376988,47.274734050414,1269.321 9.45857249016786,47.2747540385721,1269.035 9.45856678242342,47.2747698482352,1268.796 9.45854441760236,47.2747888110711,1268.238 9.45850978620794,47.2748165545203,1267.572 9.4584936558831,47.2748339774664,1267.36900000001 9.45849054814716,47.2748625989624,1266.85799999999 9.45850636043324,47.2748923194307,1265.99099999999 9.45853023773917,47.2749133239263,1264.929 9.45855407451453,47.2749329075245,1263.995 9.45858257202048,47.2749652578346,1263.022 9.4586236732922,47.274997387208,1262.16899999999 9.45866233683511,47.2750209936904,1261.254 9.45869465764769,47.275043280745,1260.527 9.45871585354254,47.2750486225936,1259.726 9.45874666179848,47.2750309423141,1258.503 9.45876036717821,47.2750049872365,1257.83 9.45877552524247,47.2749618754729,1256.67 9.45879709301301,47.2749215035453,1255.91 9.45882209881916,47.2749167823742,1255.299 9.45885795937336,47.2749218671135,1254.883 9.45888813868944,47.2749427610567,1254.072 9.45891411678853,47.2749637286459,1253.401 9.45892982111808,47.274990589751,1252.78599999999 9.45891584561065,47.2750094055802,1252.20699999999 9.45888938744745,47.2750312924482,1251.965 9.45885933574843,47.2750689609203,1250.291 9.45882901380434,47.2750994901154,1249.97199999999 9.45883031036934,47.2751337478158,1248.99000000001 9.45884224564188,47.2751721018157,1248.495 9.45885607867579,47.27520470914,1247.75 9.45886764910649,47.275233073324,1246.95299999999 9.45888480582198,47.2752427687578,1246.24000000001 9.45889641089889,47.2752168594835,1245.773 9.4589096302769,47.2751780644961,1244.988 9.45893506174774,47.2751290502022,1243.692 9.45895694058528,47.2750972473988,1243.315 9.45896775449469,47.2751056234201,1242.931 9.45897582615143,47.2751526197512,1241.558 9.45899799445315,47.2751836503254,1240.603 9.45900999718239,47.2752234337278,1239.552 9.45903522564897,47.2752801254657,1238.05499999999 9.45908847938806,47.2753563272547,1235.753 9.45913452594548,47.2754083711646,1234.478 9.45916792784802,47.2754592061622,1233.792 9.45920068140778,47.2754929123031,1233.292 9.45925242226643,47.2755291377129,1232.178 9.45930168438029,47.2755554103544,1230.933 9.45935079772548,47.2755774027798,1229.795 9.4593984998498,47.2756179907477,1228.302 9.45943529291101,47.2756473431856,1227.38400000001 9.45948541989032,47.2756964542064,1226.196 9.4595336219072,47.2757498907659,1225.52099999999 9.45960306088391,47.2758100898802,1224.715 9.45966996698755,47.2758589065644,1223.989 9.45971750754711,47.2758952144345,1223.47100000001 9.45975435476858,47.275925987428,1223.281 9.45978022575717,47.275944104505,1222.764 9.45982459799898,47.2759519008732,1221.735 9.45987305008497,47.2759567644646,1221.077 9.45991140359676,47.2759718013738,1220.53200000001 9.45995453975273,47.2760024639987,1220.01300000001 9.46000218857516,47.2760416220608,1219.659 9.46003898226037,47.2760709743023,1218.651 9.46008696893695,47.2761187010117,1218.08900000001 9.46014360198649,47.276173411039,1217.92 9.4601767890862,47.2762185361207,1218.08 9.46020287660556,47.2762423627137,1217.87699999999 9.4602409058706,47.2762488305979,1217.118 9.4602767268586,47.2762524940025,1216.052 9.4602799958227,47.2762281524307,1215.32399999999 9.46028230502288,47.2761781218676,1213.671 9.46028443856115,47.2761238025824,1211.88 9.46027437323854,47.2760797025096,1210.834 9.4602754467864,47.2760525472464,1210.174 9.46029432632308,47.2760522160423,1209.94899999999 9.46033724650464,47.2760771689107,1209.446 9.46038451729663,47.2761063372401,1209.00599999999 9.46042297936461,47.2761242332803,1208.436 9.46046309602559,47.2761306644687,1207.79300000001 9.46050725224442,47.2761327509615,1207.25599999999 9.46055090853434,47.2761219887946,1207.219</coordinates></LineString>
  </Placemark>
  <Placemark>
	<styleUrl>#green</styleUrl>
      <LineString><coordinates>9.44773465955817,47.2674929598516,1230.8 9.44777309732705,47.2675389415176,1230.054 9.44786650637958,47.2676139711752,1228.913 9.4480567089287,47.2677889572369,1226.22199999999 9.4480842068406,47.2678111783114,1225.871 9.44814759885246,47.2678623570779,1225.11 9.4482383143819,47.2679307662931,1224.334 9.44848789154324,47.2681210645111,1223.143 9.44858121254793,47.2681947545243,1222.61500000001 9.44867285614436,47.2682881332107,1221.212 9.44874009870491,47.2683836200414,1219.757 9.44879460872938,47.2685309744719,1218.398 9.44879725539578,47.2685559772698,1218.292 9.44880602920223,47.2686390868384,1218.07000000001 9.44880301147593,47.2687541272134,1217.925 9.44879606801022,47.2688256433078,1217.679</coordinates></LineString>
  </Placemark>
  <Placemark>
	<styleUrl>#green</styleUrl>
      <LineString><coordinates>9.44501453090032,47.2682973599832,1240.299 9.4451148892317,47.2683477437148,1239.592 9.44520403657141,47.2683745153041,1238.827 9.44527749317503,47.268374900595,1238.224 9.44538200813281,47.2683547525579,1236.64200000001 9.44555427794481,47.2683134229467,1233.886 9.44567115041865,47.2682963974635,1232.22500000001 9.4457885860348,47.2682943518308,1231.16499999999 9.44594848259731,47.2683148878059,1230.54700000001 9.44610688830132,47.2683604534985,1230.268 9.44624332308923,47.2684080753213,1230.065 9.4463207398867,47.2684483846934,1229.95600000001 9.44645479265577,47.2685627010225,1229.408 9.44665871711641,47.2687124462497,1227.211 9.44687834900975,47.2688236061441,1224.863 9.44700079843047,47.2688897986906,1224.015 9.44710612763964,47.2689562805358,1223.2 9.4471797732098,47.2690266616456,1222.871 9.4473000296338,47.2690995412421,1222.925 9.44740185066476,47.2691377599488,1223.02800000001 9.44756739097097,47.2691782147079,1222.84299999999 9.4480493251763,47.2692981151871,1221.302 9.44841517537088,47.269391714454,1220.443 9.44856548930863,47.2694174255988,1220.02499999999 9.44874283768993,47.2694459940026,1219.473 9.44914170292368,47.2695056884044,1218.74000000001 9.44951609097362,47.2695658176072,1217.686 9.44963064670864,47.2695837477709,1217.283 9.44976965657639,47.269607270317,1216.742 9.44988000621952,47.269622322476,1216.32000000001 9.44993354061958,47.2696275333077,1215.97500000001 9.44997994285171,47.2696262374719,1215.77 9.45003332061488,47.2696097490792,1215.42600000001</coordinates></LineString>
  </Placemark>
  <Placemark>
	<styleUrl>#green</styleUrl>
      <LineString><coordinates>9.46619100087872,47.2743631857829,1222.20299999999 9.46613768198739,47.2743589503405,1222 9.46604442556966,47.2743348852045,1223.007 9.46593457125105,47.2743158626826,1223.11199999999 9.46583317889199,47.2742986076665,1223.144 9.46576135814488,47.274286527791,1222.995 9.46569605701869,47.2742619706079,1222.58900000001 9.4656520378197,47.2742446599279,1222.315 9.46559151568288,47.2742352424109,1221.802 9.46551001446417,47.2742262028631,1221.57399999999 9.4654658864427,47.2742060238218,1221.13 9.46541511805626,47.2741954899193,1220.66499999999 9.46535037221084,47.274185201826,1220.54399999999 9.46527744083095,47.2741807710746,1220.14999999999 9.46523227406493,47.2741701385767,1219.989 9.46518591048634,47.2741652405272,1219.912 9.46513782154976,47.2741518071722,1219.702 9.46508573846862,47.2741432037183,1219.50599999999 9.46503827652722,47.2741459368177,1219.501 9.46497785028526,47.2741393875009,1218.72100000001 9.46494404086567,47.2741333148609,1218.217 9.4649223774588,47.274124023469,1217.743 9.46489486771561,47.2741188297673,1217.443 9.46486109449791,47.2741137102026,1217.12300000001 9.46483796058263,47.274112695367,1216.921 9.46479612317703,47.2741162832052,1216.753 9.4647622417787,47.2741083133037,1216.47 9.46471131082866,47.2740934901418,1215.868 9.46463736774805,47.2740805111486,1215.272 9.46457181347548,47.2740673756285,1214.868 9.46450405047675,47.2740514266918,1214.61599999999 9.4644700067286,47.2740391767462,1214.249 9.46443612508665,47.2740311977572,1214.06 9.46438551949737,47.2740249433585,1213.89999999999 9.46431824421617,47.2740218431783,1213.59 9.46427838604965,47.2740225438271,1213.368 9.46424482962088,47.2740231336897,1213.302 9.46420228834207,47.2740081718292,1213.18399999999 9.46415340431266,47.2739918908384,1213.069 9.46412513765877,47.2739744106682,1213 9.46407408043488,47.273956251374,1213.15300000001 9.46405929587437,47.273935574038,1213.077 9.46402354452138,47.2739152472236,1212.647 9.46399084676695,47.273901533881,1212.41 9.46394405026293,47.2738852161136,1212.175 9.46389543335418,47.2738575034884,1212.02 9.46384390759083,47.2738269897561,1212.061 9.46379496568662,47.2737907081782,1211.633 9.46377316964267,47.273769200293,1211.41499999999 9.46373014123424,47.2737413893877,1211.382 9.46370685864734,47.2737179821482,1211.076 9.46366555577177,47.2736987155193,1210.98699999999 9.46362130754264,47.2736756856915,1210.712 9.46358011285827,47.2736592693409,1210.66099999999 9.4635274033397,47.273634480692,1210.74000000001 9.46347902640431,47.2736134308319,1210.515 9.46342687180882,47.2736029204262,1210.743 9.46338706440473,47.2735864796322,1210.598 9.46330772915135,47.2735602692411,1210.742 9.46322002719927,47.2735351415349,1210.726 9.46311827606238,47.2735083621132,1210.727 9.46302531097956,47.2734919013484,1210.76700000001 9.46295471262411,47.2734750565916,1210.59 9.46287451782436,47.273463122052,1210.735 9.46279858359091,47.2734530290857,1210.93700000001 9.46271285999394,47.2734431080202,1211.175 9.46264093336783,47.2734281848781,1211.16 9.46256070325258,47.2734153150022,1211.192 9.46245931369446,47.2733980570128,1211.226 9.46235391535804,47.2733845493157,1211.37300000001 9.46216267535042,47.2733475358969,1211.232 9.46205663034572,47.2733187075425,1210.856 9.46195149981058,47.2732843565645,1210.97500000001 9.46187119792498,47.2732374949132,1210.861 9.46177833223951,47.2731925903081,1210.656 9.46165963205862,47.273134346012,1210.45699999999 9.461559208742,47.2730912834416,1210.33500000001 9.46146899702882,47.2730497690491,1210.481 9.46138702170965,47.2730253582193,1210.226 9.4612922073366,47.2729959901337,1210.02499999999 9.46119038446459,47.2729822656728,1210.33199999999 9.46114157879603,47.2729641645616,1210.281 9.4610817917577,47.2729238433913,1209.682 9.46100682511658,47.2728837796018,1209.322 9.46093478750771,47.2728540294814,1209.33 9.46085562302315,47.2728364520398,1209.493 9.46074786589709,47.2728004185633,1209.56200000001 9.46065319627574,47.2727745024628,1209.541 9.46057394018782,47.2727551989184,1209.758 9.46048944245043,47.272730831723,1209.46000000001 9.46040013233547,47.2727134319873,1209.54700000001</coordinates></LineString>
  </Placemark>
  <Placemark>
	<styleUrl>#green</styleUrl>
      <LineString><coordinates>9.45494529308708,47.2712890005364,1210.201 9.45488738085892,47.2712466909871,1209.86500000001 9.45476579648602,47.27120381295,1209.43700000001 9.45468058416546,47.2711519847515,1209.171 9.4545482682287,47.2710843082315,1209.016 9.45437862507303,47.2710006212071,1208.53599999999 9.45422956665188,47.270943242417,1208.76300000001 9.45410810978633,47.2709037085375,1209.00199999999 9.45399712032684,47.2708823193328,1209.321 9.45392553827892,47.2708669079489,1209.55100000001 9.45384435571517,47.2708566580269,1210.02 9.45373054509165,47.2708253127054,1209.946 9.45364943896844,47.2708167348429,1210.027 9.45359259703712,47.2708027390236,1210.105 9.45353105563216,47.2707938189558,1210.03200000001 9.45348342339791,47.270764654239,1210.10799999999 9.45342163024492,47.2707490623831,1210.246 9.45329221416976,47.270693003489,1209.901 9.45318869601486,47.2706748119572,1210.14599999999 9.45310412802653,47.270639643697,1210.227 9.45307212837989,47.2706351915272,1210.36599999999 9.45299232215981,47.2705965928773,1210.298 9.45294809126375,47.2705734777758,1210.01700000001 9.45289683255039,47.2705571436458,1210.141 9.4528337637882,47.2705410159355,1210.09699999999 9.45275941793451,47.270538869452,1210.70600000001 9.45268696658052,47.2705424391976,1211.183 9.45263783176694,47.2705375486173,1211.66 9.45256792576288,47.2705192369121,1211.745 9.45252013557262,47.2705051363526,1211.766 9.45245654698809,47.2704752243853,1211.701 9.45238808578347,47.2704500042496,1211.758 9.45229418336204,47.2704217736422,1211.58199999999 9.45220969579403,47.2703971213897,1211.52099999999 9.45217154849145,47.2703859833043,1211.48299999999 9.45169394353392,47.2702510073458,1211.458 9.45155994341904,47.2702033583012,1211.20699999999 9.45144237313836,47.270137085244,1211.34699999999 9.45139798366116,47.270111138127,1211.395 9.45083904766737,47.2697843495071,1211.992</coordinates></LineString>
  </Placemark>
  <Placemark>
	<styleUrl>#green</styleUrl>
      <LineString><coordinates>9.46547647819935,47.284667191202,985.760999999999 9.46554077228568,47.2846548047048,986.990999999995 9.46560540204756,47.2846376795912,988.475999999995 9.46567690969793,47.2845955464373,990.481 9.46580991726849,47.2845221270246,994.182000000001 9.46591589738635,47.2844685454318,996.399999999994 9.4659843261248,47.2844376141172,997.747000000003 9.46603734400431,47.2843877172162,999.327000000005 9.46612524034397,47.2843088646648,1001.897 9.46620618782616,47.2842468876033,1004.16099999999 9.46629331908507,47.2841976770972,1005.97500000001 9.46635428617752,47.2841579513117,1007.105 9.46641012259365,47.2841324868022,1007.629 9.46648085755126,47.2841003269343,1007.829 9.46653082941021,47.2840698099847,1008.19500000001 9.4665692416875,47.2840343408419,1008.628 9.46661235757138,47.2839730291132,1009.644 9.46664420735442,47.2839144888823,1010.97 9.46665360071784,47.2838627859819,1012.323 9.46665843218182,47.2837905501017,1014.49400000001 9.46667360507337,47.2837413187836,1016.11199999999 9.4666889248614,47.2836959537981,1017.71799999999 9.46669841586533,47.2836468224534,1019.209 9.46670722211023,47.2835796721861,1021.433 9.46672467600903,47.2835407118431,1022.71799999999 9.46675837929588,47.2834808523104,1024.69500000001 9.46679416749167,47.283426102642,1026.556 9.46681228750776,47.2833549195427,1028.88499999999 9.46684462032751,47.2832590041545,1032.29700000001 9.46686977332972,47.2831735262275,1035.387 9.46687882394763,47.2831128138366,1037.41 9.46687070838717,47.2830485256143,1039.54300000001 9.46684282667328,47.2829626943323,1042.518 9.46681816879269,47.2829115906164,1044.42 9.46679219526957,47.2828759677386,1045.76300000001 9.46675720179359,47.2828521103441,1046.955 9.46669965403328,47.282832500744,1048.485 9.46662119790091,47.282810694732,1050.64200000001 9.46656563780063,47.282793632372,1052.075 9.46652134350437,47.2827737984827,1053.281 9.46649372535729,47.2827446466818,1054.348 9.46648318842543,47.2827164899772,1055.21799999999 9.46648036930651,47.2826920574037,1055.895 9.46648718811298,47.2826223598253,1058.22 9.4665157288599,47.2825265112325,1061.432 9.46653695613967,47.2824372335149,1064.075 9.46654649625785,47.2823893969386,1065.423 9.4665444904177,47.2823366079523,1066.692 9.46653821601332,47.2822710006645,1067.72500000001 9.46653033274028,47.2822131595277,1068.223 9.46652070690543,47.2821592179726,1068.514 9.46649808575468,47.2821119382766,1068.651 9.46646784498306,47.2820635149975,1068.827 9.46638984196666,47.2819540742863,1069.43399999999 9.46634217816132,47.2818956463891,1069.87 9.46631343564518,47.2818368855839,1070.466 9.46630392101042,47.2817855153367,1071.209 9.46630777924937,47.281737769739,1071.993 9.46632633967777,47.2816781767049,1073.00199999999 9.46634165916915,47.2816328117393,1073.766 9.4663547957201,47.2815797563296,1074.19500000001 9.46638131826641,47.281530325328,1075.001 9.466420884809,47.2814755182499,1076.26700000001 9.46646085565189,47.281431006174,1077.28200000001 9.46649110809123,47.2813802228732,1078.489 9.46651331341327,47.2813166967416,1079.823 9.4665282414616,47.2812610364974,1081.295 9.46654699689905,47.2812065865486,1082.78599999999 9.46655963068986,47.2811406555363,1084.35799999999 9.46656063428292,47.2810672003155,1086.156 9.46655517327237,47.2809732365821,1088.48 9.46655344230957,47.280877920571,1090.802 9.46653833057878,47.2808292220979,1091.802 9.46650411586417,47.2807757131818,1093.213 9.46645814667027,47.2807120999465,1094.61500000001 9.46642697683513,47.2806392018132,1096.288 9.46638994338928,47.2805612602709,1097.83500000001 9.46634673937444,47.2804705428677,1099.808 9.46630322851888,47.2803720929996,1101.727 9.46628065750819,47.2803261080113,1102.361 9.46625269848673,47.2802879466624,1102.899 9.46621737755363,47.2802550703922,1103.33 9.4661474427458,47.2802086230078,1104.067 9.46605781851693,47.2801419176885,1105.621 9.46602220406792,47.280101308677,1106.54399999999 9.46600142514481,47.2800527188271,1107.61599999999 9.46598214392189,47.279993782498,1109.039 9.46594348460795,47.2798733562444,1111.925 9.46592454606964,47.2798234383666,1113.16099999999 9.46589809879287,47.2797749392107,1114.42999999999 9.46587377228276,47.279732844952,1115.603 9.46585916410635,47.2796970309468,1116.645 9.46584147920514,47.2796303376634,1118.433 9.46582229666709,47.2795739908497,1120.132 9.46580604335322,47.2795446389863,1121.024 9.4657812795256,47.2795077349595,1121.962</coordinates></LineString>
  </Placemark>
  <Placemark>
	<styleUrl>#green</styleUrl>
      <LineString><coordinates>9.46055090853434,47.2761219887946,1207.219 9.46053036575941,47.2760780635726,1208.327 9.46051153240749,47.2760241211404,1209.82399999999 9.4604969410132,47.2759715258839,1211.242 9.46049091473681,47.2759230721551,1212.46400000001 9.4604911095189,47.2758730696795,1213.811 9.46048502910526,47.275823186298,1215.048 9.46047453112797,47.2757676670139,1216.321 9.46046258133764,47.2757293134213,1217.25199999999 9.46043046742115,47.2756570241566,1219.11199999999 9.46039199785001,47.2755834247837,1220.895 9.46037354318418,47.2755394718965,1221.99400000001 9.46033323473254,47.275479796893,1223.52499999999 9.46025376940528,47.275373392029,1226.539 9.46020725520638,47.2753156613388,1228.39 9.46011894990817,47.2752407767176,1231.064 9.46004473220879,47.2751839008292,1233.24800000001 9.45997771791857,47.2751405927247,1235.08500000001 9.45989914457153,47.275102049057,1237.09 9.45978172788323,47.2750550631604,1240.27800000001 9.45960375490179,47.2750022830784,1244.732 9.45943796281908,47.2749618496194,1248.64200000001 9.45931847207998,47.2749491080895,1251.372 9.45924971254095,47.2749480284048,1252.878 9.45917223216248,47.2749379871313,1254.567 9.45908904055932,47.2749097810376,1256.269 9.45903599786265,47.2748810552989,1257.53200000001 9.4589895108762,47.274848795555,1258.776 9.45895651929108,47.2748185665612,1259.863 9.45890194177962,47.2747932957145,1261.268 9.45881574025491,47.2747742746484,1263.235 9.45869715175056,47.2747409933948,1266.34600000001 9.45857478912302,47.2746963603637,1269.56600000001 9.45856612623274,47.2746927692567,1269.751</coordinates></LineString>
  </Placemark>
  <Placemark>
	<styleUrl>#green</styleUrl>
      <LineString><coordinates>9.45856612623274,47.2746927692567,1269.751 9.45849648742401,47.2746639023019,1271.304 9.45841937253383,47.274617387305,1272.802 9.45834713525699,47.2745673587269,1273.75 9.45828995258462,47.2745252809629,1274.273 9.458228186575,47.2744868015155,1274.80100000001 9.45812672796204,47.2744397772284,1275.496 9.45799029918663,47.2743933656646,1276.216 9.4577938163032,47.2743313428777,1277.18399999999 9.4576788307889,47.2742964588985,1278.02899999999 9.45757575059697,47.2742530255549,1278.683 9.45747956989466,47.2742071049087,1279.117</coordinates></LineString>
  </Placemark>
  <Placemark>
	<styleUrl>#green</styleUrl>
      <LineString><coordinates>9.45726130778888,47.2741011951559,1277.09 9.45711821064239,47.2740451551187,1275.10400000001 9.45702718774647,47.2740083571857,1273.97199999999 9.45693549799975,47.2739741981281,1273.219 9.45685269206317,47.2739298962005,1272.409 9.45675455321028,47.2738685155913,1271.326 9.45664846794492,47.273810243231,1270.389</coordinates></LineString>
  </Placemark>
  <Placemark>
	<styleUrl>#green</styleUrl>
      <LineString><coordinates>9.46619100087872,47.2743631857829,1222.20299999999 9.46634303156051,47.2743729182914,1223.02899999999 9.46649810343112,47.2744442570364,1224.576 9.4666441187367,47.2745068654205,1225.57000000001 9.46674709232286,47.2745820718781,1226.27499999999 9.4668970184111,47.2746327703954,1227.78 9.46698259324835,47.2747082828825,1230.084 9.46703958782675,47.2747191293959,1230.85400000001 9.46722631008134,47.2747069619899,1233.02 9.46738438006701,47.2747426886186,1236.16499999999 9.46747818554451,47.2748062061225,1237.372 9.46755128508228,47.2748967657447,1240.007 9.46757197190746,47.2749512953557,1240.24400000001 9.46759364492748,47.2750029014021,1239.71400000001 9.4676517475447,47.2750404507284,1240.159 9.46770697024562,47.2750523178439,1240.357 9.46783731135904,47.2750624663119,1240.357 9.46790710060153,47.2750780987196,1240.20299999999 9.46802510856792,47.2750928009595,1241.751 9.46815999034361,47.2751121455403,1243.454 9.46825070770941,47.275132303809,1244.22900000001 9.46830874043407,47.2751339269625,1245.622 9.46832712187683,47.2751198100163,1246.86 9.46831516726583,47.2750901668155,1248.87300000001 9.46830906495581,47.2750680594283,1249.95699999999 9.46831677905256,47.2750494606559,1250.886 9.4683487401539,47.2750371469608,1251.66 9.46841596144314,47.2750471288648,1252.91099999999 9.46853706764056,47.2750567374,1255.41099999999 9.46866007026594,47.2750512055697,1258.88099999999 9.46874121941031,47.2750464199368,1261.075 9.46880808198792,47.2750553102357,1262.57000000001 9.46888398451992,47.2750422312467,1264.391 9.46894753291885,47.275031070401,1266.39 9.46898099945298,47.2750322712692,1267.30499999999 9.46902165372635,47.2750344071927,1268.47 9.46908275814732,47.2750219037148,1270.215 9.46913298522441,47.2750181665011,1271.554 9.46916965546213,47.2750260859962,1272.198 9.46917792042612,47.2750306640604,1272.41800000001 9.46919966284471,47.2750426975203,1272.99800000001 9.46921191177123,47.2750533056994,1272.961 9.46923427157621,47.2750537664622,1273.478 9.46922409689088,47.2750201870591,1274.098 9.46924219788115,47.2750087831566,1274.719</coordinates></LineString>
  </Placemark>
  <Placemark>
	<styleUrl>#green</styleUrl>
      <LineString><coordinates>9.45663429442604,47.2720019784988,1208.811 9.45659682803021,47.2719966692935,1208.74000000001 9.45652976853363,47.2719991932662,1208.776 9.45647590453199,47.2719989848282,1208.913 9.4564452924177,47.2719903524404,1208.79700000001 9.45642781346267,47.2719734913045,1208.47500000001 9.45640482472849,47.2719441121667,1208.22199999999 9.45638300766377,47.2719009643446,1207.952 9.45635160377313,47.27187173255,1208.08199999999 9.4563035824613,47.2718473804362,1208.592 9.45627019807965,47.2718101665356,1208.505 9.45622871456102,47.2717811111984,1208.05499999999 9.45617550354373,47.2717534038624,1208.158 9.45612598150371,47.2717348093532,1208.421 9.45610299303852,47.2717054301532,1208.075 9.45606905559347,47.2716979985701,1208.306 9.45603474262241,47.2716802804248,1208.33199999999 9.45593443620705,47.2716534064941,1208.70699999999 9.45583900272826,47.2716218494563,1208.645 9.45577759333475,47.2716000168611,1208.655 9.45571243946982,47.2715679476565,1208.61199999999 9.45565586022605,47.2715402990473,1208.71000000001 9.45558591961344,47.2715151876424,1208.916 9.45550773649134,47.2714947911892,1209.398 9.45544287204994,47.2714707245342,1209.53200000001 9.45538642315479,47.2714465195525,1209.853 9.45532471114302,47.2714166662595,1210.067 9.45526149503364,47.2713914369734,1210.31299999999 9.45520751509981,47.2713779946789,1210.41499999999 9.45502983374192,47.2713331834378,1210.751 9.45494529308708,47.2712890005364,1210.201</coordinates></LineString>
  </Placemark>
  <Placemark>
	<styleUrl>#green</styleUrl>
      <LineString><coordinates>9.45083904766737,47.2697843495071,1211.992 9.45074511922296,47.2697609857566,1212.303 9.45043421041341,47.2696964321305,1212.958 9.45020742801386,47.2696554040499,1213.613 9.45010886336286,47.2696387878558,1215.022 9.45007982409277,47.2696476264471,1215.344</coordinates></LineString>
  </Placemark>
  <Placemark>
	<styleUrl>#green</styleUrl>
      <LineString><coordinates>9.4756416009259,47.2853312061481,1309.981 9.47556509281428,47.2852459662164,1309.64200000001 9.47547457600693,47.2851557192499,1309.201 9.47538225208984,47.2850181142532,1308.245 9.47528122073354,47.2848806630489,1306.83 9.4751797853092,47.2847537459888,1305.61 9.47510734607085,47.2846652487526,1304.463 9.47504358682012,47.2845879889627,1303.988 9.4749978956327,47.2845060281262,1303.75 9.47496262166028,47.2844694016394,1303.512 9.47492035609065,47.2844131041383,1303.274 9.47490992457176,47.2843393198859,1302.798 9.47492427625051,47.2842673741501,1302.32399999999 9.47494715871653,47.2842221712579,1302.32399999999 9.47495637106621,47.2841971213766,1302.32399999999 9.47494457252586,47.2841699863873,1302.323 9.4749362203467,47.2841205486559,1302.086 9.47492386489669,47.2840192120148,1301.61 9.47487954625909,47.2839759791704,1301.13499999999 9.47484844324623,47.2839595953468,1301.13499999999 9.47481347170832,47.283936081848,1300.421 9.47479537823637,47.2839033716251,1300.421 9.47479365724974,47.2838620764504,1300.421 9.47481836635541,47.2838086085824,1300.183 9.47485686493119,47.2837512890869,1299.94500000001 9.47488520179288,47.2837097328004,1299.70699999999 9.47490395096788,47.2836532390696,1299.70699999999 9.47491229493568,47.2835603812654,1299.47 9.47490486961038,47.2835397371917,1299.47 9.47488589955751,47.2835245966183,1299.47 9.47482773115571,47.2834957525358,1299.232 9.47471803681705,47.2834551681825,1299.70699999999 9.47463667184371,47.2834210023754,1299.47 9.47458650336932,47.2833821105913,1299.232 9.47455478677307,47.2833589893968,1299.232 9.47450751450828,47.2833374386137,1298.75599999999 9.47441742464742,47.2832423066628,1298.75599999999 9.47435853437818,47.2831993759978,1298.75599999999 9.47428417156725,47.2831279535331,1298.99400000001 9.47421741344903,47.2830829213814,1299.47 9.47417339476427,47.283033303743,1300.42 9.47411587946927,47.2829785709299,1301.159 9.47405650367237,47.2829055610063,1301.465 9.47404539512081,47.2828971915535,1301.465 9.47400271690679,47.2828650323485,1301.42999999999 9.47386598616791,47.2827045109465,1302.38099999999 9.47377089055424,47.2826084231959,1303.636 9.47362055538273,47.2824333318341,1305.88099999999 9.47348271120502,47.2822432008453,1305.376 9.47341302615764,47.282198687795,1304.655 9.47335079083707,47.2821626448063,1304.367 9.47330306458274,47.2821284510604,1304.535 9.47327437986272,47.2821099097226,1304.747 9.4732430624344,47.2820961835365,1304.928 9.4731975970556,47.2820779384168,1305.292 9.47315348275495,47.2820587156931,1305.352 9.47309957789342,47.2820396747767,1305.787 9.47305531867781,47.2820166486265,1305.993 9.4729987345714,47.2820005071695,1306.056 9.47294652036312,47.2819890482364,1305.773 9.47289659979152,47.2819642234801,1305.68399999999 9.47287454244593,47.2819360457006,1305.698 9.47286626973888,47.281902855933,1306.19500000001 9.47287078397558,47.2818742091527,1306.851 9.47286061669094,47.2818277365054,1307.96799999999 9.47284477408294,47.2817794475574,1308.109 9.47282588994456,47.2817245541307,1308.19899999999 9.4727941504981,47.2816993994369,1307.569 9.47276774660622,47.2816674924053,1307.37300000001 9.47273542704615,47.2816271151456,1307.19100000001 9.47265987368088,47.2815541741158,1306.51300000001 9.47257816450685,47.2814661088871,1305.871 9.47252710679211,47.2814117742101,1305.458 9.47250450608462,47.2813693268991,1305.374 9.47249006450904,47.2813210131795,1304.92999999999 9.47244351251157,47.2812742288446,1303.974 9.47242817823189,47.281239265185,1303.56 9.4724201507028,47.2812072947208,1304.027 9.47223297460176,47.2810290727881,1304.663 9.47218533541919,47.2809939953062,1304.81600000001 9.47213513068907,47.2809550851446,1305.284 9.47208442141752,47.2809029305279,1305.84299999999 9.47203339708342,47.2808425037368,1304.625 9.47200178520498,47.2807800698882,1304.58500000001 9.47194141428241,47.2807297322181,1304.024 9.47184195319599,47.2806767820595,1304.173 9.47178425360731,47.2806330463447,1304.473 9.47174285417249,47.2805691205545,1304.265 9.47168553325096,47.2805353203636,1304.505 9.47162290862804,47.2804900159092,1304.371 9.47156490651942,47.2804379807216,1304.10400000001 9.47153640722391,47.2803937208078,1303.91800000001 9.47150416535463,47.2803147245242,1303.11900000001 9.47147935623209,47.2802389082116,1301.72100000001 9.47147029602815,47.2801926498548,1301.352 9.47148088749823,47.2801510204897,1301.79399999999 9.47145444471448,47.2801163156301,1301.262 9.47138027622698,47.2800369341447,1300.045 9.47126193552097,47.279930142482,1299.58500000001 9.47124327963836,47.2798978465339,1299.33 9.47121999610134,47.2798575614307,1299.012 9.471126601817,47.2798058893011,1297.981 9.47097465945195,47.2797596763621,1297.09699999999 9.47086153933938,47.2796712011516,1296.66899999999 9.47079676657031,47.2796183942318,1296.447 9.47072595235522,47.2795749792356,1295.719 9.47066329274207,47.2795391222861,1295.58100000001 9.47059559663737,47.2795018965073,1293.966 9.47053774429086,47.2794645061335,1292.70600000001 9.47048476709667,47.2794270207829,1291.89599999999 9.47042368190069,47.279369649892,1291.98 9.47037782313172,47.2793253538453,1292.001 9.4703492415472,47.2792841002714,1292.087 9.4703002400467,47.2792214956781,1292.287 9.4702612200571,47.2791637357166,1292.538 9.47022246585645,47.2791018411992,1292.329 9.47017471723148,47.2790297670813,1292.174 9.47013708360596,47.2789688245141,1292.174 9.47009910873253,47.2789082928384,1292.019 9.47004339259613,47.2788422434866,1292.019 9.46997047272986,47.2787719446062,1292.484 9.46991900065875,47.2787322910699,1292.639 9.4698542424185,47.2786676516587,1293.25999999999 9.46980359415016,47.2786388705424,1293.25999999999 9.46970077764997,47.2785785368068,1293.87699999999 9.4696168588039,47.2785336065939,1294.308 9.46956289318441,47.2784940778265,1294.677 9.46951931465038,47.2784519906468,1295.22100000001 9.46949859742983,47.2784130815954,1295.765 9.46948535409298,47.2783871322139,1296.372 9.46944186636773,47.2783474277465,1296.895 9.46939699698348,47.2783172759746,1296.81600000001 9.46933792264725,47.2782814181383,1297.272 9.46928471397332,47.278262120308,1296.822 9.46920523393665,47.2782420976802,1296.16899999999 9.46912329867728,47.2782030615295,1295.932 9.46906054247517,47.2781625087431,1295.567 9.46901023372935,47.2781276839784,1295.155 9.46898405855578,47.2780829146463,1294.20600000001 9.46897956200784,47.2780568111097,1293.921 9.46895450477601,47.2780417768434,1293.357 9.46891739436797,47.2780317235977,1292.697 9.46884367053629,47.2780246816988,1291.538 9.4687557293272,47.2780119518495,1290.272 9.46868329744581,47.2779929923815,1289.21799999999 9.468633170011,47.2779629239467,1288.645 9.46859759054988,47.2779468872809,1288.24099999999 9.46855177897561,47.277938174858,1288.008 9.46850410087028,47.2779259232824,1287.496 9.46847378540356,47.2779109815317,1287.213 9.46845531034412,47.2778851151905,1287.11199999999 9.46843459411939,47.2778462059415,1287.052 9.46841984667517,47.277826230291,1287.18399999999 9.46838536455425,47.2777935018489,1286.977 9.46833687249405,47.2777598414723,1286.573 9.46828463973067,47.2777202906059,1286.356 9.46821245965902,47.2776620432893,1285.452 9.46817552353778,47.2776103192752,1285.508 9.46814963982756,47.2775738853221,1285.652 9.46811691523758,47.2775411258516,1285.726 9.46807927598462,47.2775168026093,1285.658 9.46804240392336,47.2774674527688,1285.891 9.46799726462864,47.277430161202,1285.601 9.46798909945928,47.2773993535541,1285.164 9.46798360863605,47.2773470847391,1284.61900000001 9.46797467464295,47.2772960552292,1284.73299999999 9.46796279557651,47.2772593656244,1284.927 9.46794527087508,47.2772205800408,1284.93700000001 9.46792680956515,47.2771404673894,1285.364 9.46790528776305,47.2770897405088,1285.417 9.46787261639664,47.2770062070859,1286.30899999999</coordinates></LineString>
  </Placemark>
  <Placemark>
	<styleUrl>#green</styleUrl>
      <LineString><coordinates>9.46572437076437,47.2766374174095,1290.80499999999 9.465758760331,47.2766587214138,1290.914 9.46579986296005,47.2766722864343,1290.97 9.4658946912525,47.2767010838507,1290.81299999999 9.46595554102116,47.2767190521156,1290.716 9.46600882344423,47.276728182965,1290.82799999999 9.46609678770824,47.2767356779129,1290.804 9.46620822711443,47.2767319087772,1289.85400000001 9.46639089982448,47.2767142266554,1289.594 9.46656611535958,47.2767111434599,1287.80899999999 9.46669970491033,47.2767304855507,1287.071 9.46673065249779,47.2767384345624,1287.075 9.46676858276482,47.2767527028926,1287.049 9.46681154275208,47.2767786064428,1287.073 9.46685346414963,47.276814056617,1287.20600000001 9.46687964514202,47.2768402554487,1287.35400000001 9.46690171042817,47.2768684341836,1287.27099999999</coordinates></LineString>
  </Placemark>
  <Placemark>
	<styleUrl>#green</styleUrl>
      <LineString><coordinates>9.42443618992777,47.2529487932384,1475.851 9.42448988168046,47.2529587635236,1476.413 9.42454803129749,47.2529450476389,1476.79700000001 9.42461663626502,47.2529257170101,1476.458 9.42468230333678,47.2528991670585,1476.05499999999 9.42478938541224,47.2528392332644,1475.376 9.42484686025556,47.2528073810143,1474.99800000001 9.4248942718547,47.2527920416172,1474.773 9.42495514350871,47.2527801050659,1474.524 9.42501910068228,47.2527790021824,1474.367 9.425107309735,47.2527847329796,1474.265 9.42522241259958,47.2527972698344,1474.212 9.42534585629204,47.2528187501397,1473.986 9.4254583045218,47.2528313235484,1473.572 9.42559732263464,47.2528416390481,1473.204 9.42585385443612,47.252857179084,1472.799 9.42615328582807,47.2528792393018,1472.55499999999 9.42634047101039,47.2528941572739,1472.16 9.42649028203064,47.2529079204299,1471.82799999999 9.42664276043255,47.25292162836,1471.641 9.42678724886494,47.2529354649968,1471.481 9.42689184388796,47.2529518255238,1471.34699999999 9.42698887319132,47.2529811289212,1471.11900000001</coordinates></LineString>
  </Placemark>
  <Placemark>
	<styleUrl>#green</styleUrl>
      <LineString><coordinates>9.46690171042817,47.2768684341836,1287.27099999999 9.46692425924045,47.2768728059966,1287.40700000001 9.46696245275345,47.2768835606038,1288.167 9.46703094311717,47.2769185340821,1288.999 9.46708229326548,47.2769442988541,1289.253 9.46713045730961,47.2769596285919,1290.17600000001 9.46718676820829,47.2769691194813,1290.822 9.46725426529465,47.2769796910772,1290.613 9.46734583928773,47.2770042258023,1290.702 9.46741784926005,47.2770180469368,1290.628 9.46747763360363,47.2770354393325,1290.481 9.46752539941684,47.2770597644306,1290.39599999999 9.46758229393647,47.2770654748983,1290.26300000001 9.46763608037643,47.2770544597058,1290.40300000001 9.46769752080582,47.2770500308634,1289.746 9.46774184681923,47.277049250404,1289.52099999999 9.46779754346258,47.27702310368,1288.11500000001 9.46783403789471,47.2770107193319,1287.10000000001 9.46787261639664,47.2770062070859,1286.30899999999</coordinates></LineString>
  </Placemark>
  <Placemark>
	<styleUrl>#green</styleUrl>
      <LineString><coordinates>9.45664846794492,47.273810243231,1270.389 9.45655929437795,47.2737607980789,1269.77099999999 9.45647155387889,47.273708691503,1269.141 9.45637525931107,47.2736551600836,1268.542 9.45628648322171,47.2736162168293,1268.092 9.45618995752952,47.2735838423922,1267.329 9.45603748340474,47.273553859982,1265.67200000001 9.45595810351349,47.2735260168311,1264.68799999999 9.45589633525358,47.2734961468038,1263.913 9.45584926520154,47.2734539718172,1263.32799999999 9.4558201187127,47.2734183751319,1263.27800000001 9.45580592998452,47.2733773430516,1263.323 9.45579478823871,47.2732829565381,1262.63400000001 9.45578914743057,47.2732005033646,1261.891 9.45577709236161,47.2731491138157,1261.04399999999 9.45576795068105,47.273108002379,1260.284 9.45573369259951,47.2730707676329,1259.476 9.4557042996871,47.2730282921575,1258.891 9.45569777235646,47.2729888444749,1258.539 9.45569185859965,47.2728995129951,1257.69 9.45569792556327,47.2727927866041,1256.496 9.45570239129891,47.2727101565103,1254.924 9.45572336085699,47.2726633624267,1254.105 9.455758508792,47.2725905153601,1253.433 9.45577210278001,47.2725489969346,1252.808 9.45577083950074,47.2725362066287,1253.178 9.45576746172524,47.2725020933058,1252.065 9.45576746757837,47.2724350799288,1250.72100000001 9.45578388645056,47.2723392302155,1249.412 9.45578772567887,47.2722771073462,1248.694 9.45578304556738,47.272235117026,1247.97900000001 9.45577341924923,47.2722053149087,1247.526 9.45574560038308,47.2721642514853,1246.815 9.45569898898686,47.2721166879186,1245.997 9.45564699418385,47.2720697404198,1245.14999999999 9.4555922061128,47.2720307325863,1244.34699999999 9.45552502634303,47.2719908889149,1243.599 9.45542820774061,47.271943673159,1242.36599999999 9.45531338278631,47.2718904652211,1241.182 9.45516179063311,47.2718374957145,1239.914 9.45504768624121,47.2718068496,1239.455 9.45497562294364,47.2717874883733,1238.38800000001 9.45484283278778,47.2717468579099,1237.405 9.45471476567638,47.2716975700588,1235.692 9.45454820105443,47.2716317523863,1233.3 9.45435583478332,47.2715509371505,1230.558 9.45416249462486,47.2714709214177,1228.13 9.45404386150664,47.2714214768231,1227.06299999999 9.4539215589275,47.271361317301,1225.58 9.45382379867828,47.2713034456872,1224.315</coordinates></LineString>
  </Placemark>
  <Placemark>
	<styleUrl>#green</styleUrl>
      <LineString><coordinates>9.45079453789419,47.27010414134,1215.071 9.45060869007317,47.270024465826,1215.189 9.45040558323544,47.269906321225,1215.73 9.45025083939873,47.2698062626586,1215.452 9.45012773789901,47.2697029342808,1215.276 9.45007982409277,47.2696476264471,1215.344</coordinates></LineString>
  </Placemark>
  <Placemark>
	<styleUrl>#green</styleUrl>
      <LineString><coordinates>9.42698887319132,47.2529811289212,1471.11900000001 9.42707600242844,47.253021723984,1470.739 9.42715958021517,47.2530691463737,1470.111 9.427233471735,47.2531002435973,1469.47900000001 9.42730712462932,47.2531256405105,1468.747 9.42736948958713,47.2531474173417,1467.962 9.42744028477507,47.2531709470519,1466.94100000001 9.427533947975,47.2532074251009,1465.607 9.42762810730685,47.2532572197342,1464.383 9.42769682527491,47.2532998327624,1463.573 9.42777421300253,47.2533499168821,1462.671 9.42790019365253,47.2534277287101,1461.614 9.42797765277036,47.2534797189248,1460.955 9.42803366614026,47.2535101166861,1460.63 9.42811479450328,47.2535527580722,1460.598 9.42819748433771,47.2535997092055,1460.902 9.42829165265425,47.2536514825981,1461.319 9.42834214760255,47.2536749215284,1461.59 9.42838773581957,47.2536978963483,1461.96000000001 9.42854705176558,47.2537662871792,1462.818 9.42872509035362,47.2538498389571,1463.698 9.42890068474001,47.2539287810144,1464.27800000001 9.42913181977699,47.2540346102183,1465.00599999999 9.42931423021907,47.2541134428801,1465.57799999999 9.42948960891075,47.2541861975427,1466.163 9.42958663057657,47.2542293730119,1466.52499999999 9.42964927404673,47.2542638752249,1466.868 9.42969833231809,47.2543001417869,1467.22500000001 9.42974953429834,47.2543332941452,1467.685 9.42979820256132,47.2543587434692,1468.21000000001 9.42983981277417,47.2543781335254,1468.772 9.42989487909524,47.2543926482761,1469.185 9.42996669795766,47.2544300868383,1469.60400000001 9.43003211863167,47.2544784509063,1469.925 9.43009055182909,47.2545222930505,1470.231 9.43014652769127,47.2545615439598,1470.446 9.4302184175098,47.2546005197084,1470.66899999999 9.43029012117649,47.254634855945,1471.155 9.43037556913214,47.2546720406237,1471.946 9.43044489996915,47.2547033406636,1471.99099999999 9.4305078636049,47.2547471042681,1471.962</coordinates></LineString>
  </Placemark>
  <Placemark>
	<styleUrl>#green</styleUrl>
      <LineString><coordinates>9.45079453789419,47.27010414134,1215.071 9.4507937762952,47.2700818318986,1215.09699999999 9.45079901420373,47.2700443919029,1214.201 9.45081704238163,47.2699931243672,1213.98299999999 9.45082543842881,47.2699510944903,1213.817 9.45082343437081,47.2698979274013,1213.235 9.45082006408153,47.2698527019504,1212.776 9.45082680882816,47.2698107009078,1212.155 9.45083904766737,47.2697843495071,1211.992</coordinates></LineString>
  </Placemark>
  <Placemark>
	<styleUrl>#green</styleUrl>
      <LineString><coordinates>9.4657812795256,47.2795077349595,1121.962 9.46570697664239,47.2794304847428,1124.005 9.46563720064,47.2793617204775,1125.308 9.46558290356751,47.2793113177476,1126.147 9.46552472607513,47.2792412427305,1127.54700000001 9.46548306554518,47.2791716059978,1128.492 9.46543242864719,47.2791096490238,1129.535 9.46538660277907,47.2790633170511,1130.44500000001 9.46534527749778,47.279025480529,1131.193 9.46528332241164,47.2789965723966,1131.924 9.46516600047292,47.2789472147994,1133.14 9.46507424085265,47.2789074038286,1133.86500000001 9.46502066270635,47.2788783482614,1134.584 9.46498748569371,47.2788423477924,1135.22900000001 9.46491521416619,47.2787520329942,1136.973 9.46481620412267,47.2786382369222,1137.89599999999 9.46473469164939,47.2785552374954,1138.662 9.46467501924866,47.2785087707895,1139.001 9.46459917345859,47.2784458260417,1139.73699999999 9.46453219212658,47.2783955828397,1140.512 9.464403744769,47.2783292798372,1142.128 9.46430316395801,47.2782782055102,1143.39200000001 9.46423017790396,47.2782352026994,1144.508 9.46410156888986,47.2781646194038,1146.333 9.46395558500507,47.2780786316925,1148.361 9.46382697639021,47.2780080390957,1150.228 9.46369836845677,47.2779374553454,1152.27099999999 9.46358530601509,47.2778894519442,1153.754 9.46345513928683,47.2778331743451,1155.554 9.46337188102636,47.2777960738966,1156.736 9.46325419777971,47.2777367245449,1158.519 9.46313633890289,47.277673086357,1160.257 9.46302672086384,47.2776050204842,1162.61199999999 9.46291565234996,47.2775541292126,1164.89599999999 9.46274730724648,47.2774870946298,1168.63400000001 9.46260886116004,47.2774338227219,1171.666 9.46246832716709,47.2773805693236,1174.432 9.46229271690245,47.2773436593213,1177.569 9.46218251513815,47.2773155967747,1179.766 9.46209438847002,47.2772947584034,1181.52099999999 9.46200177398514,47.2772570204932,1183.553 9.46193391411839,47.2772201165438,1185.189 9.46187995585779,47.2771805931551,1186.50900000001 9.46184013016029,47.2771455903,1187.66 9.46179682942676,47.2771106394413,1188.883 9.46174982872917,47.2770698061794,1190.05 9.46164734363209,47.2769966112081,1191.899 9.46152887960816,47.2769165616259,1194.147 9.46143359122923,47.276848008814,1195.39599999999 9.46132772256097,47.276777257295,1196.273 9.46123613496861,47.2767145957095,1196.72100000001 9.46114801629057,47.2766506675095,1197.194 9.46104335168312,47.2765656155888,1197.96000000001 9.46088726250363,47.2764310980384,1199.79300000001 9.46084299216,47.276394949189,1200.55899999999 9.46080000032739,47.2763569513981,1202.13499999999 9.46078436580971,47.2763431356714,1201.52 9.4607648192008,47.2763258615722,1201.746 9.46069414916648,47.2762572990714,1203.17200000001 9.46069133100098,47.2762541004261,1203.23699999999 9.46065681865316,47.2762029704193,1204.55899999999 9.46063498644238,47.2761804998629,1205.22 9.46059641628938,47.2761597535836,1206.03 9.46057065323187,47.2761444959926,1206.65300000001 9.46055090853434,47.2761219887946,1207.219</coordinates></LineString>
  </Placemark>
  <Placemark>
	<styleUrl>#green</styleUrl>
      <LineString><coordinates>9.13459074881651,47.1910776604892,1636.855 9.13460983823675,47.1910540953902,1637.3 9.13463442870546,47.191030449208,1637.802 9.13466678410573,47.1910081910385,1638.37 9.13469805502714,47.1909866955795,1639.031 9.13472927857181,47.1909637073392,1639.77 9.13473981750895,47.1909485273215,1640.247 9.13473922218786,47.1909297597508,1640.91 9.13474308062336,47.1909124289994,1641.36500000001 9.13475037996073,47.1908995549316,1641.829 9.134750927207,47.1908822729867,1642.33 9.13475009369612,47.1908559965887,1643.129 9.13475937108493,47.1908355810256,1643.827 9.13477227963407,47.1908256202138,1644.264 9.13479669061202,47.1908312702586,1644.674 9.13482336548286,47.1908383893946,1645.02099999999 9.13485992355729,47.1908446071047,1645.704 9.13487959523794,47.1908398187173,1646.121 9.13487589215941,47.1908270978316,1646.603 9.13487776201448,47.1908165619912,1646.91899999999 9.13488396608957,47.1908036950625,1647.36 9.13487155713223,47.1907948721756,1647.754 9.13486771113705,47.1907776459934,1648.36199999999 9.13486912854909,47.1907528478781,1649.537 9.13487274872641,47.1907280082947,1650.74000000001 9.13486437767495,47.1907070971457,1651.671 9.13485497011177,47.1906884594751,1652.17999999999 9.13487153403332,47.1906897177733,1652.598 9.13488491893584,47.1906947746026,1652.94500000001 9.13491091385985,47.19068087819,1654.334 9.13493234897304,47.1906617858551,1656.948 9.13495068715225,47.1906494957767,1658.523 9.13497906488689,47.1906408183598,1658.84699999999 9.13500195207614,47.1906329686143,1658.397 9.13502670879207,47.1906145740283,1657.496 9.13503625871217,47.1906031692283,1657.15399999999 9.13503779472634,47.1905821120345,1656.8 9.13503795022727,47.1905520693828,1656.499 9.13505054910308,47.1905323515604,1655.98 9.13506414788869,47.1905096230559,1655.29700000001 9.13507551965525,47.1904861716501,1654.656 9.13510588577027,47.1904706992816,1653.284 9.13512214006461,47.1904622005649,1652.951 9.13512604598976,47.1904463715641,1652.675 9.13513210730441,47.1904290083173,1652.254 9.13514693312176,47.1904100133822,1651.675 9.13516071480951,47.1904013711785,1651.23699999999 9.13517866108617,47.1903892127945,1650.927 9.13518860670263,47.1903723950609,1650.643 9.13519764427407,47.1903544121319,1650.40399999999 9.13520413199165,47.1903388419563,1650.345 9.13520441773194,47.1903203942744,1650.394 9.13520740397087,47.1903042819348,1650.204 9.13521637155224,47.1902845096697,1649.961 9.13523354127669,47.1902753316743,1649.675 9.13524640100151,47.1902679985944,1649.516 9.135260883123,47.1902564760662,1649.283 9.13527179408023,47.1902426310329,1648.75599999999 9.13528968349551,47.1902286831022,1648.345 9.13530487211736,47.1902123908359,1648.03 9.13531479882846,47.1901949795786,1647.844 9.13531695231987,47.1901800760904,1647.856 9.13532434830518,47.1901656800935,1647.45600000001 9.13533252077955,47.1901483036976,1647.261 9.13534507856027,47.1901314564278,1646.976 9.13535048217428,47.1901087587566,1646.50900000001 9.13535869229782,47.1900925693827,1646.166 9.13537556003118,47.1900738771871,1645.83 9.13538895048459,47.190055821057,1645.465 9.13538675631198,47.1900415754661,1645.323 9.13538448652128,47.190024946834,1645.149 9.13538662650929,47.1900100345458,1644.989 9.13539324625033,47.1899986279355,1644.817 9.13540787950769,47.18999187147,1644.39 9.13541822727215,47.189988147146,1644.035 9.13541504915154,47.1899703443289,1643.758 9.13541645059639,47.1899596084559,1643.54700000001 9.13542658496799,47.1899487438062,1642.96000000001 9.1354473259791,47.1899418972693,1642.45299999999 9.13545757927445,47.1899351963886,1642.17200000001 9.13547459788445,47.1899212612671,1641.478 9.13549256247774,47.189909687352,1640.74800000001 9.1355043060028,47.1898946334395,1640.06 9.13551059929858,47.1898725254246,1639.49800000001 9.13551867720764,47.1898521724611,1639.064 9.13553019440708,47.1898299874079,1638.724 9.13553484619909,47.1898114663376,1638.13800000001 9.13554935289886,47.1898011399832,1637.761 9.13556548166969,47.1897866151828,1637.303 9.13556907415459,47.1897621628372,1636.861 9.13558577161886,47.189738111015,1636.402 9.13559590619944,47.1897272553423,1636.114 9.13561496795371,47.189722808698,1635.734 9.13564497812812,47.1897057040041,1635.01700000001 9.13566388860811,47.1896964912697,1634.715 9.13568464832765,47.1896902382017,1634.549 9.13570520591071,47.1896780322184,1635.60400000001 9.13571976340718,47.1896688926718,1637.94500000001 9.13574481956028,47.1896607858589,1639.65399999999 9.13576295383085,47.1896545625023,1640.272 9.13577297504828,47.1896401367487,1640.39999999999 9.13579258630595,47.1896255605501,1640.37300000001 9.13579983138295,47.189606416424,1641.79399999999 9.1358046720128,47.1895938484479,1642.18399999999 9.13582098960422,47.189585276717,1641.64599999999 9.13583466293038,47.1895761411993,1641.317 9.13581773573558,47.1895650908683,1640.98699999999 9.13579820761129,47.1895552574803,1640.61199999999 9.13577706498718,47.1895490286351,1640.318 9.13575394097586,47.1895356765401,1639.75199999999 9.13573713247945,47.1895287809764,1639.409 9.13572716485267,47.1895170341958,1639.064 9.13572315932981,47.1895010249571,1638.61500000001 9.13571049066072,47.1894869248589,1638.173 9.13569888158342,47.1894787650249,1637.853 9.13567225648512,47.1894648797571,1637.33 9.13566995431669,47.1894476488181,1636.783 9.13566433401953,47.1894352351293,1636.30100000001 9.13564208101674,47.1894218791633,1635.90300000001 9.13562060420583,47.1894055337995,1635.35000000001 9.13560528597922,47.1893902851859,1634.94100000001 9.1355898980632,47.1893732562283,1634.53999999999 9.13557537487256,47.1893556117293,1634.035 9.13554703305725,47.1893429393308,1633.82799999999 9.13551961276067,47.1893314409156,1633.63499999999 9.13550185837635,47.1893221841079,1633.50599999999 9.13547219051667,47.1893226216153,1634.30100000001 9.13545106657114,47.1893169772294,1634.637 9.13541864146945,47.1893132898567,1635.073 9.13538812208854,47.1893143426859,1635.25599999999 9.13535228974822,47.1893130806972,1635.193 9.13532404245637,47.1893033847972,1635.22500000001 9.13529650894927,47.1892883162628,1634.91800000001 9.13527518323897,47.1892767279243,1634.72199999999 9.13525729680729,47.1892633075006,1634.26700000001 9.135234318347,47.1892541186839,1634.66800000001 9.13519302274217,47.1892458027245,1635.981 9.13516407463401,47.189241470225,1636.092 9.13513264670003,47.1892413398062,1636.364 9.13510882238186,47.1892333600125,1636.436 9.13507117913607,47.1892303432667,1637.31600000001 9.13502980233495,47.1892190505003,1637.204 9.13499699988811,47.1892034657852,1636.781 9.13497389533501,47.1891907160371,1636.534 9.1349603374667,47.1891760351784,1636.458 9.13494175024562,47.1891679781437,1636.23 9.13492142174677,47.189159946776,1636.26700000001 9.1349061473673,47.1891464877923,1636.463 9.13488207779608,47.1891307743063,1636.64200000001 9.13485991361629,47.1891197920429,1636.531 9.13483851247424,47.189105820581,1636.175 9.13482219212775,47.1890864301101,1635.539 9.13480317080385,47.1890646862989,1635.22500000001 9.13479050840111,47.1890511887972,1635.02800000001 9.13476658416738,47.1890396386713,1635.072 9.13474204588175,47.1890370224331,1635.348 9.1347154777291,47.1890249174793,1635.46400000001 9.13468868311327,47.1890056723859,1635.587 9.13467068368318,47.1889886818033,1635.617 9.13464398914467,47.1889730069605,1635.27499999999 9.13461991972857,47.188957293419,1635.17600000001 9.13459486645733,47.1889380226379,1634.95600000001 9.13457964306324,47.1889257504405,1634.80899999999 9.13455396446421,47.188914226129,1634.602 9.13453957970873,47.188901347776,1634.81600000001 9.13452252066038,47.1888861246805,1634.88499999999 9.13449854572046,47.1888733876678,1634.931 9.13446944700179,47.1888642979011,1635.109 9.13444199516846,47.1888522059096,1635.098 9.13442480975254,47.1888334129266,1634.77 9.13440028224663,47.1888028343556,1634.192 9.13437776546127,47.188781141991,1634.04700000001 9.13436065472568,47.1887667833281,1633.83900000001 9.1343437691655,47.1887553633032,1633.78599999999 9.1343225570869,47.1887473448538,1633.928 9.13429801332762,47.1887441348139,1634.114 9.13426994939004,47.1887397890642,1634.416 9.13424692049229,47.1887294132184,1635.057 9.13422368429694,47.1887124997381,1635.54300000001 9.13420475773417,47.188693732381,1635.837 9.13418441070676,47.1886851073696,1636.14 9.13414918541034,47.1886755050164,1636.686 9.13411995484097,47.1886622515807,1636.77099999999 9.13409685073091,47.1886495016547,1636.916 9.13407994834922,47.1886396292921,1637.141 9.1340467230505,47.1886377436963,1637.774 9.13401870245126,47.188635178617,1638.402 9.1339930617478,47.1886248412046,1638.817 9.13396578007042,47.1886181086967,1639.14 9.13393762185634,47.1886107863103,1639.15700000001 9.1339069326429,47.1886064701562,1639.376 9.1338706862861,47.1885921324444,1638.93799999999 9.13385353878656,47.1885745263999,1638.46400000001 9.13382770970229,47.1885582448322,1638.208 9.13380388588332,47.1885502647669,1638.24400000001 9.13378112142493,47.1885482249813,1638.266 9.13375065860794,47.1885510489214,1638.55 9.13371093542638,47.1885373561705,1638.67200000001 9.13365352781674,47.1885161776617,1639.053 9.13360485885365,47.1884954731853,1639.39999999999 9.13354399352634,47.1884755421339,1639.946 9.13350776616772,47.1884617978198,1640.90300000001 9.13348672392268,47.1884591298221,1641.13499999999 9.13344831821652,47.1884591017302,1640.727 9.13340800699993,47.1884543333804,1640.693 9.13336935619013,47.1884465716124,1640.427 9.13334714179285,47.1884344022245,1640.276 9.13330807633445,47.1884135561795,1640.39599999999 9.13328056856664,47.1883996833713,1640.577 9.13325296619698,47.188382825008,1640.87300000001 9.13322857371089,47.1883843808264,1641.243 9.13320171980429,47.188390723207,1642.00999999999 9.13317303620728,47.1883947173684,1642.738 9.13313639061473,47.1883952570416,1643.118 9.13310920320057,47.1883914918936,1643.724 9.13308628219133,47.1883840921765,1643.894 9.13307709699943,47.1883699405,1643.79700000001 9.1330569612349,47.1883404845591,1644.15700000001 9.13303608679676,47.188315205017,1643.74800000001 9.13300831500452,47.1882929959873,1643.935 9.13298415234438,47.1882743145371,1643.624 9.13294510595028,47.1882540618806,1643.516 9.13291404005851,47.1882378482281,1643.011 9.13289517082413,47.1882208701841,1642.995 9.13286327813322,47.1882064680552,1642.995 9.13282961950421,47.1881908953432,1642.452 9.13278985893326,47.1881760062547,1641.664 9.13275448350892,47.1881616463782,1641.501 9.13271731044264,47.1881455315888,1641.982 9.13270042756291,47.1881362615278,1642.209 9.13267934226928,47.1881318126493,1642.317 9.13266332974094,47.1881225207721,1641.88 9.13264372190326,47.1881097190867,1641.21400000001 9.13262611912495,47.1881052189275,1640.997 9.13261012008996,47.1880959358412,1640.48299999999 9.13260354694765,47.1880817456733,1639.711 9.13259874172505,47.1880675384744,1639.26300000001 9.13257287537995,47.1880500606045,1638.386 9.13255570996518,47.188031869844,1637.421 9.13253750415843,47.1880083322967,1636.276 9.13252648392474,47.1879912386444,1635.57399999999 9.1325005988394,47.187973167245,1634.658 9.13247480805866,47.1879580723969,1634.04399999999 9.13245234909588,47.187938169182,1633.473 9.13243158818526,47.1879164595976,1632.955 9.13241181660483,47.1878989009704,1632.69899999999 9.13240255058321,47.1878817724869,1632.159 9.13240446543694,47.1878597290986,1631.81600000001 9.13240925002307,47.1878453717285,1631.33900000001 9.13239161360362,47.1878123071492,1630.39200000001 9.13237370397848,47.1877976990522,1629.717 9.13234534466428,47.1877844233543,1629.42200000001 9.13231344648971,47.1877694183716,1629.23299999999 9.13226752245467,47.1877528384629,1629.232 9.13222870285411,47.1877397257011,1629.51700000001 9.13220414088583,47.1877359217007,1629.448 9.13218147082076,47.1877368491628,1629.432 9.13214927303351,47.1877403010077,1629.016 9.13212573234645,47.1877412412728,1629.255 9.1321028493446,47.1877350283845,1629.125 9.13208069220403,47.1877246482814,1629.12 9.13205836534087,47.1877089085719,1628.76300000001 9.13203692230058,47.1876931558507,1628.376 9.13201556034272,47.1876803798773,1628.205 9.131987176781,47.1876659168706,1627.944 9.13196318419771,47.1876525858126,1627.943 9.13192482635336,47.1876269605857,1628.909 9.13188856211369,47.1876120197402,1629.838 9.13186121895058,47.1876029034926,1630.21400000001 9.13182336414081,47.187592745347,1630.344 9.13179850101455,47.1875794270658,1630.38 9.13176649567772,47.1875614455669,1630.46400000001 9.13173196715817,47.1875458853423,1630.99800000001 9.13170616389415,47.1875307995069,1631.28200000001 9.13168044871695,47.1875180785312,1631.15300000001 9.13165482807735,47.1875083431004,1631.287 9.13161662252361,47.1874937726143,1631.72900000001</coordinates></LineString>
  </Placemark>
  <Placemark>
	<styleUrl>#green</styleUrl>
      <LineString><coordinates>9.13525421922996,47.1934759391033,1601.08 9.13531125477944,47.1935026733902,1601.295 9.13536054915395,47.1935333544298,1601.728 9.13540064052271,47.1935572705957,1601.62300000001 9.13545738485201,47.1935748233656,1601.326 9.13550981353422,47.1935977928464,1601.329 9.13554294496185,47.1936149200395,1601.12300000001 9.13560115098408,47.1936431753801,1601.428 9.13564597093558,47.1936746780152,1602.072 9.13570232307944,47.1937152142971,1602.99800000001 9.13575193385371,47.1937558499737,1603.925 9.13579918006226,47.193792678866,1604.982 9.13584735360579,47.1938233762333,1605.836 9.13590453569456,47.193854705441,1606.86 9.13595033179145,47.1938816051916,1606.948 9.13598688968557,47.1939002201754,1606.591 9.13603811154221,47.1939209130361,1606.94 9.13610758233689,47.193949757699,1607.628 9.13616116867683,47.1939742482679,1607.906 9.13621284127557,47.1940087175136,1607.97900000001 9.136264622382,47.1940470177765,1608.10799999999 9.13632654695854,47.1940859420979,1609.28999999999 9.13637465904844,47.1941151017028,1609.696 9.13637861976258,47.1941334237489,1608.72199999999 9.13638543117762,47.1941708579427,1606.859 9.13640922250678,47.1942126389928,1606.48699999999 9.13643720969814,47.1942443986668,1605.113 9.13644040051807,47.1942742209936,1603.561 9.13646354862608,47.1942953278605,1603.79700000001 9.13648889098366,47.1943148728913,1604.875 9.13649870199898,47.1943407738974,1604.511 9.13650780485094,47.1943797037324,1604.049 9.13654794620106,47.194405157227,1604.364 9.13657445858094,47.1944262144338,1603.739 9.13659118112109,47.1944573665541,1602.71400000001 9.13659361562257,47.1944986979568,1601.144 9.1365974520205,47.1945484296863,1599.602 9.13662479127017,47.1945955204406,1598.577 9.13665537309117,47.1946387307025,1598.03599999999 9.13668465226503,47.1946758333519,1597.685 9.13670500674765,47.1947153618726,1597.05100000001 9.13671899759226,47.1947664732158,1596.027 9.13673623127698,47.1948137130618,1595.00999999999 9.13677094737514,47.1948453733641,1594.7 9.13681225915617,47.1948723389564,1594.68799999999 9.13686265249204,47.1949022294304,1594.03 9.13688728748122,47.1949348121933,1593.49000000001 9.13690447252486,47.1949805142788,1592.641 9.13694474604538,47.1950246520597,1593.101 9.13696340489039,47.1950515110645,1592.88400000001 9.13697697558415,47.1950827366355,1592.579 9.137001868915,47.1951080731319,1592.492 9.13702268411873,47.1951363307952,1592.625 9.13704778174533,47.1951680969843,1592.94100000001 9.13707937672669,47.1952061999909,1592.88499999999 9.13710541645012,47.1952343805308,1592.61 9.13713692038032,47.1952696148843,1592.467 9.13717274282012,47.1953090769664,1592.38499999999 9.13720862393077,47.1953499686641,1592.02099999999 9.13724426505956,47.195383720428,1591.879 9.13727563346051,47.1954146832617,1592.353 9.13729241209489,47.1954479936887,1591.686 9.13730185567687,47.1954814213825,1590.967 9.13731789661051,47.1955247471449,1590.182 9.13733747526657,47.1955473100332,1590.11 9.13735579420238,47.1955634587959,1590.122 9.13736378729615,47.1955840514577,1589.878 9.13737607604682,47.1956081524411,1589.712 9.13740006384513,47.1956377936985,1589.774 9.13743245188488,47.1956680216947,1590.125 9.1374544003705,47.195699114541,1590.389 9.13747233518821,47.195735988604,1590.128 9.13747642781012,47.1957659235433,1589.948 9.13748464757238,47.1957936473188,1590.03200000001 9.1374969364258,47.195817748288,1590.306 9.13751372499104,47.1958517782813,1590.576 9.13751663936803,47.1958774481324,1590.53999999999 9.13751623203304,47.1958974450515,1590.36199999999 9.13752737460073,47.195918701955,1590.393 9.13753220525708,47.1959386305433,1590.489 9.13753727189756,47.1959664008635,1590.352 9.1375474537118,47.1959898221853,1590.409 9.13756529782127,47.1960238365879,1590.476 9.13756749682264,47.1960602231987,1590.351 9.13758331125335,47.1960964088027,1590.22900000001 9.13760893371093,47.1961400968909,1590.247</coordinates></LineString>
  </Placemark>
  <Placemark>
	<styleUrl>#darkgreen</styleUrl>
      <LineString><coordinates>9.1245316768275,47.1833006319552,1770.41800000001 9.12455997527013,47.1832798845116,1770.27499999999 9.12459628010305,47.1832502298593,1770.408 9.12463908297719,47.1832182397671,1770.659 9.12469818981761,47.1831822770554,1771.25900000001 9.12471083297792,47.1831664103427,1771.726 9.12472533622927,47.1831400620823,1771.986 9.12473562508738,47.1831190027253,1771.92600000001 9.12475134075529,47.1830963703666,1771.537 9.12476859831747,47.1830879033696,1771.177 9.12479158862511,47.1830875664361,1770.916 9.12481912277615,47.1830923900482,1770.58100000001 9.12485951183877,47.1830880644333,1769.81 9.12488019491891,47.1830840276231,1769.387 9.12487660463798,47.1830743726908,1769.137 9.12485868813162,47.1830619407873,1768.849 9.12484163106699,47.1830420289369,1768.265 9.12482457401512,47.183022117084,1767.542 9.12480965945799,47.1830006803592,1766.811 9.12479057761688,47.1829860253198,1766.337 9.12477035394568,47.1829698935417,1766.027 9.12475008322087,47.1829522689801,1765.56 9.12473171966445,47.1829256556477,1764.553 9.12470464500917,47.1829006634422,1763.58199999999 9.12468094882355,47.1828786086597,1762.842 9.12465518077149,47.1828603179084,1762.02499999999 9.12463157874904,47.1828412486753,1761.019 9.12461347413016,47.182822845613,1760.46000000001 9.12459329791896,47.1828082155758,1759.425 9.12456608220618,47.182778744997,1758.01300000001 9.12454685933114,47.1827596115763,1757.217 9.12453730115668,47.1827343626535,1755.742 9.12451680849243,47.1827092739562,1754.428 9.12449425429608,47.1826886958722,1753.79300000001 9.12447379553739,47.1826651001405,1752.875 9.12444888714105,47.1826393294,1751.898 9.12442628594381,47.1826172585222,1751.084 9.12440466189215,47.1825914396486,1749.978 9.12439726981903,47.1825654122411,1749.016 9.12438585160612,47.1825506448471,1748.465 9.12436993670086,47.1825322096638,1748.031 9.124359566213,47.1825159334463,1747.21400000001 9.12434877224351,47.182486222206,1745.86900000001 9.12433876719934,47.1824467918529,1744.315 9.12432776151428,47.1824103630991,1743.815 9.12432304209636,47.182364881422,1743.069 9.12432447876533,47.1823409648576,1742.95699999999 9.12433674569121,47.1823131649333,1742.86900000001 9.1243555808824,47.1822852597726,1742.80499999999 9.12438978974442,47.1822586228195,1742.496 9.12441778293689,47.1822432779542,1742.211 9.12444361012353,47.1822287115547,1742.05100000001 9.12445522896059,47.1822151000781,1742.00199999999 9.12446016159805,47.1821978528982,1742.128 9.12446397594566,47.1821798753693,1742.232 9.12447778428254,47.1821662318073,1742.49000000001 9.12448374107912,47.1821467294142,1742.47 9.12448613125403,47.182118318464,1741.689 9.12448852142644,47.1820899075137,1740.796 9.12448236531028,47.1820683424076,1740.019 9.12447513797246,47.1820475397329,1738.785 9.12448556789185,47.1820309587335,1737.753 9.12447948236986,47.1820116327974,1736.659 9.12447120734383,47.1819923389441,1735.56 9.12448163725362,47.1819757579448,1734.416 9.12451085301021,47.1819648755484,1733.595 9.12453896366175,47.1819532626035,1732.78599999999 9.12456940498702,47.1819460959076,1732.076 9.12460005807751,47.1819456467149,1731.478 9.12463642024232,47.1819525812003,1730.84699999999 9.12468384760915,47.1819630871899,1730.136 9.1247167608115,47.1819648450495,1729.71799999999 9.12475274648421,47.181959837256,1728.675 9.12479784317409,47.1819658969464,1727.88499999999 9.12484163331666,47.1819652551532,1726.74000000001 9.12486434073218,47.181955961524,1726.105 9.12489354605535,47.1819443324469,1725.63400000001 9.1249371243634,47.1819369731066,1725.053 9.12497634718397,47.1819304243252,1724.21400000001 9.1250163823134,47.1819149028028,1723.272 9.1250476123293,47.1818980168627,1722.524 9.12507443978144,47.1818804487131,1722.11599999999 9.12510217366853,47.1818568933891,1721.548 9.12512448085269,47.1818349110772,1721.02800000001 9.1251487186014,47.1818046863742,1720.757 9.12516871883757,47.1817790131917,1720.556 9.12519973687798,47.181755409699,1720.296 9.12521230893557,47.1817373037555,1720.102 9.1252246220557,47.1817109875199,1719.425 9.1252515067842,47.1816956586916,1718.734 9.12529158873781,47.1816816298527,1718.02899999999 9.1253536597795,47.1816702655638,1717.231 9.12542555997695,47.1816580103964,1716.67 9.12546459419446,47.1816454903277,1716.527 9.12550220404753,47.1816225368368,1716.47 9.12552672400435,47.181601268733,1716.374 9.12554255660811,47.1815823682079,1716.307 9.1255489944479,47.1815651618803,1716.25599999999 9.1255507428423,47.1815377589513,1716.201 9.12554525150941,47.1815021401258,1716.136 9.12554151412714,47.1814664865857,1716.08199999999 9.1255361538555,47.181435022364,1715.948 9.12553173374422,47.1814053347221,1716.012 9.12553279911922,47.1813838886987,1715.94 9.12554056071787,47.1813534286526,1715.708 9.12554990747151,47.181317583264,1715.92600000001 9.12555868408893,47.1812912738564,1716.38 9.12555884149282,47.1812686535662,1716.67 9.1255538755115,47.1812496891296,1716.719 9.12554707433099,47.1812277646603,1716.48 9.12555267451615,47.1812116142426,1716.505 9.12556345480881,47.1811936065012,1716.107 9.12559079542156,47.1811747531488,1715.323 9.1256087782213,47.1811637832598,1714.95699999999 9.12561876839211,47.181148756046,1714.819 9.1256209429441,47.1811344462205,1714.728 9.12562635530981,47.1811123426634,1714.58900000001 9.12564058016355,47.1810930968257,1714.546 9.12566071817459,47.181067205602,1714.47199999999 9.1256697441886,47.1810492235731,1714.38800000001 9.12567757501776,47.1810205438669,1714.236 9.1256872969251,47.1809965957425,1714.174 9.12570107124457,47.1809630695655,1713.935 9.12571229018591,47.1809313622277,1713.726 9.12572380953317,47.1809091781068,1713.534 9.1257414540639,47.1808874889552,1713.459 9.12575455880296,47.1808599284786,1713.12300000001 9.12576687344803,47.1808353485347,1713.001 9.125786960664,47.1808082704505,1712.81600000001 9.12580205006853,47.1807884091244,1712.746 9.12580575904145,47.1807675271116,1712.66499999999 9.12581009454008,47.1807388986517,1712.63400000001 9.12580662555405,47.1807121750105,1712.663 9.12580008703863,47.1806985777491,1712.633 9.12579604216743,47.1806807873909,1712.333 9.12580856328206,47.1806627540923,1711.712 9.12582461704654,47.1806458565644,1711.249 9.12584833072432,47.1806228908082,1710.429 9.1258660502917,47.1806035846888,1709.535 9.1258882540077,47.1805883873241,1709.196 9.12589139259262,47.1805770323002,1709.00900000001 9.12589185030084,47.1805639352245,1708.72500000001 9.12590781010099,47.1805440611167,1708.537 9.12592556707104,47.1805259420178,1708.39200000001 9.12594076926352,47.1805096597477,1708.186 9.12595767443375,47.1804921469258,1707.897 9.12597290086868,47.1804770518748,1707.81200000001 9.12599776636572,47.1804629940308,1707.575 9.12600351670973,47.1804516096937,1707.423 9.12599694072436,47.1804368254126,1706.897 9.12599211893509,47.1804220154029,1706.35400000001 9.12599240780123,47.1804035676981,1706.09299999999 9.12600403927414,47.1803849446367,1705.859 9.12600787950574,47.1803682262133,1705.31200000001 9.12600563730544,47.1803527845796,1704.484 9.12601116235645,47.1803342600757,1703.715 9.12602449181829,47.1803138307381,1703.363 9.1260449166335,47.1802974628546,1703.113 9.12606017462051,47.1802829521204,1702.806 9.12606744064327,47.1802644020777,1702.28200000001 9.12606652105425,47.1802352568908,1701.57000000001 9.12605824153461,47.1802216851785,1701.00199999999 9.12605516656455,47.1802074523359,1700.575 9.12607027442651,47.1801881844866,1700.149 9.12608627178552,47.180169506375,1699.798 9.12609962544204,47.1801502642514,1699.41899999999 9.12611738250002,47.1801321541138,1699.091 9.12612643983539,47.180114756374,1698.84299999999 9.12613807148259,47.1800961422904,1698.549 9.12614983421377,47.180081682811,1698.36 9.12616783525884,47.1800713063467,1698.162 9.12619262560431,47.1800548743987,1697.93700000001 9.12621469179617,47.1800349106696,1697.61599999999 9.12622726880327,47.1800186578677,1697.162 9.12622681847321,47.180004386528,1696.959 9.12623839359244,47.1799839828957,1696.62699999999 9.12625183553516,47.1799671236131,1696.284 9.12626772536418,47.1799454601079,1695.924 9.12627326901108,47.1799275291047,1695.751 9.12628054781711,47.1799089698608,1695.624 9.12629647535901,47.1798885023741,1695.613 9.12630729259267,47.1798716815873,1695.368 9.12630438088222,47.1798622056699,1695.12300000001 9.12629182963864,47.1798516745837,1694.765 9.12629143547957,47.1798391837888,1694.533 9.12630580987167,47.1798246949761,1694.45 9.12631841872009,47.1798090354851,1694.363 9.12632156270794,47.1797982741559,1694.16499999999 9.12632373701695,47.1797839643124,1693.686 9.12631725495494,47.1797721566153,1693.24800000001 9.12631260780661,47.1797632999463,1693.067 9.12631299020435,47.1797478198132,1692.933 9.12632131413297,47.1797352011258,1692.997 9.12633222525831,47.1797213569042,1692.837 9.12634822210231,47.1797026697612,1691.97 9.12636323606765,47.1796804342956,1691.05899999999 9.12637702835415,47.1796475015419,1690.224 9.12639249958569,47.1796121599987,1689.704 9.12641162188657,47.1795821269922,1689.46799999999 9.12642306544803,47.1795575597408,1689.201 9.12642508930998,47.1795384837884,1688.891 9.12642509621604,47.1795111063737,1688.602 9.12642597389197,47.1794837251808,1688.701 9.12643233144888,47.1794639918592,1688.81299999999 9.12644764556831,47.1794512706086,1689.02 9.12646322247789,47.1794468765529,1689.35000000001 9.12647969414298,47.1794436569478,1689.72199999999 9.12649854083772,47.1794320714426,1690.178 9.1265182825666,47.1794216693792,1690.39999999999 9.12653906364041,47.1794166051696,1690.424 9.12656157985368,47.1794109127115,1690.22100000001</coordinates></LineString>
  </Placemark>
  <Placemark>
	<styleUrl>#green</styleUrl>
      <LineString><coordinates>9.13459074881651,47.1910776604892,1636.855 9.13458214582445,47.1910997844872,1636.133 9.13456240819229,47.1911153969571,1635.758 9.13453365148233,47.1911296128894,1635.417 9.13450739117079,47.1911522130376,1634.83 9.13449261316958,47.1911823002429,1634.094 9.13447756819573,47.1912039703659,1633.74400000001 9.13446037781632,47.1912287400166,1632.96000000001 9.13445781498721,47.1912540498258,1632.44500000001 9.13445976198562,47.1912800668976,1632.015 9.13444942074213,47.1913085592515,1631.603 9.13443218154643,47.1913317911616,1631.143 9.13440693440256,47.1913505527082,1630.43700000001 9.13439284069722,47.1913668467007,1630.24099999999 9.13438217264162,47.1913846196661,1630.18399999999 9.1343684431101,47.1914123972144,1629.86199999999 9.13435832024836,47.191447777896,1629.10400000001 9.13434239679602,47.1914771262252,1628.33500000001 9.13435218172398,47.1915022540688,1628.007 9.13435974852604,47.1915281883243,1627.55100000001 9.13436512115549,47.1915556843713,1627.257 9.13436144826817,47.1915817842594,1626.93700000001 9.13435194997389,47.1916010694398,1626.65700000001 9.13434022034135,47.1916211612265,1626.31200000001 9.13432703807377,47.1916657817253,1625.95699999999 9.13432102524348,47.1916888481808,1625.694 9.13431472123438,47.1917027331848,1625.56299999999 9.13428913365377,47.1917107665244,1625.572 9.13426038759857,47.1917257469524,1625.06200000001 9.13424780349148,47.1917542723319,1624.69100000001 9.13424409524595,47.1917788432774,1624.34600000001 9.13423703374955,47.1918042193657,1623.448 9.13423666526732,47.1918279763695,1622.74400000001 9.13425867691603,47.1918491004108,1622.39 9.13427071774109,47.1918741950176,1622.14200000001 9.1342875841529,47.1919099517072,1621.67600000001 9.13431309426937,47.1919348478296,1621.429 9.13434332170262,47.1919665749833,1620.868 9.13436772186613,47.1919922611759,1620.29399999999 9.1343728518444,47.1920121045121,1619.95 9.13436347497073,47.1920352205413,1619.98299999999 9.13435047817205,47.1920507336298,1619.80100000001 9.13434602356492,47.1920875602314,1619.27899999999 9.13435706491949,47.1921165111945,1618.893 9.13437527127056,47.1921591396803,1618.38400000001 9.13439087047505,47.1921903086629,1618.173 9.13442059500581,47.1922419621407,1617.94500000001 9.13442998746848,47.192290082603,1617.826 9.13445225111558,47.1923540996743,1617.568 9.13447535572608,47.1924096743388,1617.02 9.13449297928431,47.1924339219197,1616.95600000001 9.13452408573134,47.1924579797901,1616.91499999999 9.13454947499747,47.1924790539998,1616.974 9.1345513975555,47.1925042976981,1616.78599999999 9.13456236608828,47.1925309465318,1616.26300000001 9.13456896859164,47.1925622570796,1615.413 9.1345630530288,47.1925883900203,1614.363 9.13456046593861,47.1926129354518,1613.83900000001 9.13456817875275,47.1926434649068,1613.303 9.13458485107581,47.1926730885904,1613.12 9.13459913523539,47.192698159097,1612.74000000001 9.13461357593395,47.1927285803951,1612.269 9.13462238590607,47.1927583289475,1611.822 9.13462052762805,47.1928058504802,1610.82799999999 9.13462746992428,47.1928478712126,1610.572 9.13462775738357,47.1928923022053,1610.21799999999 9.13464581845358,47.1929303354198,1610.152 9.13467177970689,47.1929690169216,1610.151 9.1347032373412,47.1930045494956,1610.098 9.13472980998666,47.1930271356828,1610.19500000001 9.13474870128219,47.193055970905,1609.67 9.13476505804244,47.1930756397488,1608.98 9.1347589724996,47.1930964131054,1608.78200000001 9.1347551781753,47.1931186821474,1608.52899999999 9.13476936525712,47.1931406861528,1608.368 9.13479258524426,47.1931640954681,1608.272 9.13483594318302,47.1931849047625,1608.243 9.13487588827391,47.193204225894,1607.82799999999 9.13491676075991,47.1932174155127,1607.715 9.13493402046028,47.1932301794691,1607.67200000001 9.13495162053196,47.1932536715962,1607.21000000001 9.13495594502379,47.1932834772471,1606.211 9.13496692497644,47.1933108906025,1604.897 9.13497758910771,47.1933283491474,1604.24000000001 9.1350004691794,47.1933410392393,1603.863 9.13503364878811,47.1933596953224,1603.37699999999 9.13508724723706,47.1933841862008,1603.122 9.13510940566521,47.1934099052898,1602.522 9.13514148823763,47.1934293422442,1602.03 9.13515122875164,47.1934322485599,1601.944 9.13517892380232,47.1934402792594,1601.69899999999 9.13522444103213,47.1934579976625,1601.306 9.13525421922996,47.1934759391033,1601.08</coordinates></LineString>
  </Placemark>
  <Placemark>
	<styleUrl>#green</styleUrl>
      <LineString><coordinates>9.13805125385825,47.1965098933532,1590.43700000001 9.13802582011134,47.1964983211744,1591.231 9.13796868659686,47.1964786161395,1591.789 9.1379267973554,47.1964646868499,1591.89 9.1378874823657,47.1964524289279,1592.005 9.13784436695133,47.1964393724108,1591.802 9.13781465713235,47.1964132795002,1591.466 9.13778598293232,47.1963803157247,1591.026 9.1377535489618,47.1963474164507,1590.82399999999 9.13771258688071,47.1963231990426,1590.467 9.13767884504442,47.1962886006677,1590.755 9.13765893085796,47.196254661829,1590.77099999999 9.13765156321363,47.1962205287566,1590.674 9.13762873427538,47.1961737855051,1590.26700000001 9.13760893371093,47.1961400968909,1590.247</coordinates></LineString>
  </Placemark>
  <Placemark>
	<styleUrl>#green</styleUrl>
      <LineString><coordinates>9.1245316768275,47.1833006319552,1770.41800000001 9.12456165695486,47.1833110427906,1770.077 9.12459594546344,47.183320400836,1769.641 9.12462510688191,47.1833278637039,1768.955 9.12465295716581,47.1833397812026,1768.424 9.12469255937243,47.1833569515481,1767.755 9.12472754460737,47.1833658045204,1767.291 9.12476348625609,47.1833815530113,1766.811 9.12480744580614,47.1833996401117,1766.039 9.12484403767291,47.1834134087485,1765.43399999999 9.12487180795173,47.1834223674193,1764.77499999999 9.12489672290712,47.1834328434081,1764.205 9.12492185564686,47.1834502257453,1763.58100000001 9.12495121936385,47.1834641002885,1763.05 9.12498486027785,47.183475932836,1762.648 9.12502501956064,47.1834881646556,1762.064 9.12506060377951,47.1834925733242,1761.648 9.12509909437458,47.1834979200315,1761.163 9.1251404405906,47.1835017583879,1760.28200000001 9.12517375514267,47.1835032403428,1759.98299999999 9.12520277663907,47.183506260696,1759.489 9.12523925977264,47.1835165760301,1758.785 9.12527626615901,47.1835204689601,1758.35000000001 9.12530023611346,47.1835235723396,1757.933 9.12533579158867,47.1835274865208,1757.452 9.12536050260986,47.1835310738478,1756.93799999999 9.12538458361763,47.1835381161825,1756.174 9.1254064390392,47.1835432118438,1755.74800000001 9.12542521974166,47.1835424506751,1755.223 9.12544125134734,47.1835461562362,1754.887 9.1254551845778,47.1835523666814,1754.462 9.12546352686667,47.1835645699965,1754.25 9.12548195483837,47.1835756357923,1753.614 9.12550090631367,47.1835802881845,1753.11199999999 9.1255219744643,47.1835834340632,1752.83199999999 9.12554378339632,47.1835870549044,1752.518 9.12556281260637,47.1835941712714,1752.342 9.12559185005984,47.1835976951147,1752.067 9.12561725751558,47.1836007683548,1751.682 9.12564268086052,47.1836043451775,1751.25599999999 9.12566215555311,47.183602575149,1750.787 9.12568252705392,47.183606226038,1750.33 9.1257026830943,47.1836034653601,1749.83199999999 9.12571934927592,47.1836046964532,1749.587 9.12573836291222,47.1836113181957,1749.568 9.12575870321432,47.18361397988,1749.341 9.12578393989605,47.1836116395106,1748.429 9.12580564019633,47.1836118161187,1748.039 9.12582465384585,47.1836184378468,1747.59 9.12584190562412,47.1836152249095,1747.139 9.12586218379824,47.1836159171861,1746.63 9.12588473383268,47.1836200219194,1746.167 9.12591225797844,47.1836215885775,1745.561 9.12593241159774,47.1836183330704,1745.266 9.12594953909384,47.1836111813382,1744.875 9.12596614314512,47.1836104430062,1744.571 9.12598433828591,47.1836141257597,1744.296 9.12599966009638,47.1836183364779,1744.102 9.12601476427658,47.1836156498352,1743.62699999999 9.12603196950785,47.1836109620755,1743.076 9.12604186634172,47.1836034215511,1742.641 9.12605395971068,47.1835973242868,1742.13400000001 9.12606917284384,47.1835980908128,1741.80499999999 9.12608160600233,47.1836023438866,1741.65300000001 9.12609553903806,47.1836085452615,1741.474 9.12611445964834,47.1836122173542,1741.05100000001 9.12613324008119,47.1836114470772,1740.662 9.12614679997089,47.1836058231178,1739.935 9.12616763490979,47.1836015769242,1739.23 9.12619379907688,47.1836056285873,1738.818 9.12621943770404,47.1836156078521,1738.766 9.12624580635417,47.1836265570551,1738.55899999999 9.12626622444514,47.1836316826343,1738.19500000001 9.12629238863443,47.1836357342749,1737.493 9.12631257587194,47.1836339626811,1737.019 9.12634005107536,47.1836335596541,1736.595 9.12635903386422,47.1836392010957,1736.34600000001 9.12639497831275,47.1836554348719,1736.141 9.12641779291881,47.183667920645,1736.041 9.12644280166755,47.1836813548781,1735.909 9.12645750705823,47.1836890293529,1735.83 9.12647284453769,47.1836937346034,1735.80899999999 9.12648546450735,47.1837039047931,1735.713 9.12649526040035,47.1837165815365,1735.667 9.12650563941287,47.1837243194741,1735.673 9.12652465560958,47.1837314358752,1735.519 9.12654797775542,47.1837370046291,1735.296 9.12656339302829,47.1837441738518,1735.15399999999 9.12657896413399,47.1837562800337,1734.97199999999 9.12659376266551,47.183766904078,1734.876 9.12660991902793,47.1837745572465,1734.501 9.1266287772854,47.1837762508729,1734.40399999999 9.12665773713191,47.1837773104627,1734.166 9.12668305134476,47.1837774248875,1733.512 9.12669846693127,47.1837846030848,1733.326 9.1267089571282,47.183796279975,1733.516 9.12672380253444,47.1838083877885,1733.61 9.12673998986971,47.1838170211367,1733.451 9.12675472656617,47.183825684764,1733.264 9.12676513900227,47.1838348976649,1733.484 9.12677545833117,47.183841160978,1733.33199999999 9.12678866362238,47.1838468781241,1733.11500000001 9.12679975497677,47.1838546055838,1733.122 9.12681957450708,47.1838641752755,1733.414 9.12683991495917,47.1838668367685,1733.746 9.12685880448424,47.1838695195478,1733.909 9.12688296362839,47.1838790255522,1734.175 9.12689484264075,47.1838887117462,1734.08199999999 9.12689445955305,47.1838995675181,1733.96400000001 9.12689268528403,47.1839119191801,1733.99400000001 9.12690385417065,47.183922101621,1733.728 9.12691781889785,47.1839293010791,1733.427 9.12693901161866,47.1839363854753,1733.23 9.12694503552048,47.1839436924567,1733.15700000001 9.12695773314524,47.1839563175852,1733.10799999999 9.12696825466232,47.183968983642,1733.239 9.12698648094041,47.1839736464345,1733.15700000001 9.12700560388781,47.1839837211413,1733.27800000001 9.12702619581544,47.1839947639371,1733.52 9.12705413796695,47.1840091446427,1733.978 9.12707346309474,47.184025622099,1733.77 9.12709068963045,47.1840445954751,1733.287 9.12711534448705,47.1840693797345,1733.10400000001 9.12713862623018,47.1840966492656,1733.512 9.12715052338022,47.1841073248169,1733.224 9.12716586104066,47.1841120299745,1732.923 9.12719136253343,47.1841180704381,1732.50999999999 9.12720896973954,47.184125693235,1732.329 9.12722372221436,47.1841348513967,1732.27 9.12723061406136,47.1841470758764,1732.321 9.12723812234157,47.1841558365341,1732.295 9.12725330441544,47.1841556137128,1731.833 9.12727939113062,47.1841572011447,1731.01700000001 9.12731205877275,47.1841611661038,1730.375 9.12734115855518,47.1841666499006,1730.103 9.12735949397938,47.1841747658079,1730.061 9.12737869487892,47.1841873044356,1730.019 9.12738924749499,47.1842009506509,1730.052 9.12740997716048,47.1842159319602,1729.908 9.12743126349174,47.1842259748439,1729.664 9.12744890443554,47.1842350815832,1729.802 9.12745805056923,47.1842497380862,1730.065 9.12747071771652,47.1842613919519,1730.54399999999 9.12749021063722,47.1842606109983,1730.499 9.12750477632581,47.1842638519665,1730.33 9.12751867631304,47.1842685781814,1730.167 9.12753742814558,47.1842673132737,1729.894 9.12756081597741,47.1842645048331,1729.75199999999 9.12759658823122,47.1842639797153,1729.173 9.12762816346756,47.1842688692996,1728.802 9.12765814811546,47.1842785505343,1728.629 9.12768476299374,47.1842918439673,1728.61900000001 9.12770072254274,47.1842999407192,1728.48 9.12771997105037,47.1843014485044,1728.28999999999 9.1277427712465,47.1843046855128,1728.071 9.12775707785668,47.1843151816813,1728.137 9.12777231711866,47.1843280483101,1728.31600000001 9.12778672360132,47.1843421237389,1728.488 9.1278046442899,47.1843567413618,1728.66099999999 9.12781898842116,47.1843684245507,1728.655 9.12782634193775,47.1843802193683,1728.685 9.12784316654284,47.1843877096111,1728.53599999999 9.12786774541068,47.1843921080602,1728.22 9.12787581923807,47.184399132987,1728.174 9.12787439767654,47.184409275269,1728.24000000001 9.12786717505534,47.1844296151354,1728.219 9.12787626388222,47.184440781686,1728.37300000001 9.12788698135661,47.1844483615874,1728.488 9.12791163553414,47.1844551430763,1728.681 9.12793969670576,47.1844594903821,1728.526 9.12796427561453,47.1844638888103,1728.114 9.12798559782025,47.1844754785184,1727.761 9.12801305178924,47.1844881747645,1727.25599999999 9.12803516929882,47.1844973686313,1726.85400000001 9.12806001130393,47.1845100942221,1726.46799999999 9.12806843643859,47.1845278201807,1726.277 9.1280680413247,47.1845433004949,1726.113 9.12807287725131,47.1845581102087,1725.822 9.12809800112166,47.1845797564879,1725.129 9.12812320030029,47.1846037858104,1724.92 9.12814828671001,47.1846242450501,1725.124 9.12817579148754,47.1846381280914,1725.00999999999 9.12820141011815,47.1846478643042,1724.784 9.1282311132317,47.1846486246923,1724.109 9.12825741463863,47.184652403975,1723.78200000001 9.12829038138797,47.184673341249,1723.52 9.12832429959335,47.1846972424849,1723.408 9.12835734169497,47.1847205627881,1723.52 9.1283842256533,47.1847427769472,1723.639 9.12840840414823,47.184762061887,1723.52899999999 9.128423713432,47.184776717769,1723.37 9.12843619094976,47.184784865561,1723.05499999999 9.12847572772311,47.1847932097216,1722.069 9.12851527769933,47.1848015536749,1721.51700000001 9.12855114436605,47.1848040048228,1721.02499999999 9.12857846677715,47.1848125283498,1720.708 9.12860595272268,47.1848258087808,1720.463 9.12863792341151,47.1848431978513,1720.2 9.12866361753688,47.1848553170092,1719.92200000001 9.12868560372504,47.1848603471597,1719.599 9.12871806902828,47.1848658261629,1719.128 9.12873731191678,47.1848667310774,1718.681 9.128750847941,47.184880810179,1718.36599999999 9.12876767283316,47.1848883002856,1717.76700000001 9.1287895333035,47.1848897695264,1717.25599999999 9.12882112777736,47.1848952522964,1716.92999999999 9.12885103767177,47.1849025501702,1716.319 9.12888268315323,47.18490922875,1715.834 9.12891592499679,47.1849117183458,1715.03200000001 9.12894314786637,47.1849166715159,1714.64200000001 9.12898185176339,47.1849262153198,1713.822 9.12901864567655,47.1849304430662,1713.163 9.12905208862819,47.1849388765605,1712.81 9.12907974975123,47.1849581101958,1712.307 9.12910283230746,47.1849702676276,1711.916 9.12913266694891,47.1849751823799,1711.41 9.12916773823617,47.1849800201821,1711.02899999999 9.12920208962784,47.1849896368615,1710.24400000001 9.12922324873032,47.1849964694288,1709.575 9.12923840762824,47.1850063591055,1709.045 9.12923780030992,47.1850146990765,1708.90300000001 9.12922246649764,47.1850268271672,1708.622 9.12921062817265,47.1850389038951,1708.231 9.12920847347019,47.1850538162808,1707.36599999999 9.12921490023729,47.1850638342652,1706.376 9.12922397097445,47.1850744161863,1705.90399999999 9.12923567192435,47.1850855442519,1705.113 9.12925151936329,47.185090079704,1704.247 9.12926238755728,47.1851024165793,1703.31200000001 9.12927747143672,47.1851099321953,1702.649 9.12930290256747,47.1851137240307,1701.73699999999 9.12932559033462,47.1851133906491,1700.84600000001 9.12935342622065,47.1851105974582,1699.97500000001 9.12937768597046,47.1851048878637,1699.295 9.12940279166754,47.1850979692568,1698.274 9.12942133910778,47.1851048401671,1697.444 9.12943383561983,47.185113581364,1696.997 9.12942808578929,47.1851249748519,1696.732 9.129415433208,47.1851388449353,1696.345 9.12940626321536,47.1851526728369,1695.936 9.12940839929734,47.185165138018,1695.507 9.12942783582089,47.1851725806551,1694.836 9.12944696623675,47.185169924368,1694.32799999999 9.12947461420004,47.1851611870173,1693.3 9.12950860834627,47.1851594998649,1691.77099999999 9.12954602821624,47.1851559719913,1690.459 9.12957298795859,47.185152597834,1689.29399999999 9.12958851554696,47.1851470165275,1688.88400000001 9.12960018461844,47.1851295891446,1687.87300000001 9.12962332893903,47.1851161496361,1686.609 9.1296504769059,47.1851187285835,1685.89200000001 9.12967225655926,47.1851172209011,1685.372 9.12970623719633,47.1851155248915,1683.798 9.12972898155301,47.1851169809643,1682.798 9.12973359219475,47.1851246504559,1682.351 9.12973215191301,47.1851341902525,1681.584 9.1297695908043,47.1851312648126,1680.488 9.129787799597,47.1851274254385,1679.72500000001 9.12981111336705,47.1851193455011,1678.931 9.12981754025495,47.1851293634517,1678.53200000001 9.12981525404435,47.1851401122597,1678.359 9.12979325658974,47.1851618570016,1678.224 9.12977620047476,47.1851746042717,1677.962 9.12977835541345,47.1851876629596,1677.386 9.12978661787704,47.1852006408735,1676.872 9.12979994751021,47.1852081822069,1676.05 9.12981728574846,47.1852043556244,1675.58100000001 9.12983471811936,47.1852035056006,1674.97 9.12985309614958,47.1852050168324,1674.196 9.12986604394992,47.1852000671982,1673.78 9.12988244181541,47.1851944640628,1673.05499999999 9.12988965864088,47.1852015014498,1672.79399999999 9.12988302512888,47.185212907951,1672.72 9.12987041047029,47.1852279741042,1672.542 9.1298675487201,47.1852476472141,1672.217 9.12986011998451,47.185261449558,1672.17999999999 9.12984287558221,47.1852682437154,1672.45 9.12982125979177,47.1852745173311,1671.908 9.12982250662553,47.1852864017869,1671.603 9.12983150773527,47.1852951943196,1671.035 9.12984825754344,47.1853003012199,1670.67600000001 9.12986495104323,47.1853036275766,1669.76300000001 9.12987056397932,47.1853154478542,1669.356 9.12988041691155,47.1853236340725,1668.713 9.12990425747797,47.1853322084706,1667.81600000001 9.12992418313855,47.1853271562599,1667.45299999999 9.12993239417122,47.1853109672539,1666.652 9.12995045255712,47.1853023707522,1665.83 9.12996603088351,47.1852979762284,1665.363 9.12998180307565,47.1853001285322,1665.111 9.12999091154856,47.1853118974196,1664.46400000001 9.12999730094929,47.1853207283322,1664.092 9.13000321991258,47.1853146854321,1663.92600000001 9.1300002565158,47.1853040227878,1663.765 9.13000953929796,47.185293764914,1663.22199999999 9.13001538316811,47.1852853479585,1663.018 9.13002631324171,47.1852720969193,1662.508 9.13004030644018,47.1852730787909,1661.95 9.13005261508227,47.1852758757908,1661.70299999999 9.13005663736307,47.1852924787576,1660.879 9.13006154899918,47.1853096624397,1659.90399999999 9.13006712443382,47.1853202956803,1659.537 9.13008393645809,47.1853277857875,1658.929 9.13010238991521,47.1853316800267,1657.969 9.13010800290675,47.1853435002926,1657.633 9.1301163725318,47.1853594455566,1656.644 9.13012191573403,47.1853694764821,1655.966 9.13013961155329,47.1853769535884,1655.16800000001 9.13015467685972,47.1853838755751,1654.53200000001 9.13017662585748,47.1853877184127,1653.69500000001 9.13020196302812,47.1853885334883,1652.933 9.13021349528048,47.1853943198309,1652.636 9.13021648336754,47.1854061786833,1652.302 9.13022128213386,47.1854197922837,1651.868 9.13022436438136,47.1854346276965,1651.357 9.13021774381802,47.1854460250298,1650.98699999999 9.1302041269113,47.1854569404301,1650.613 9.13018938159234,47.1854601351595,1650.439 9.13017824443707,47.1854668395785,1650.014 9.13017689838019,47.1854793559407,1649.556 9.13019011520822,47.1854833271539,1649.014 9.13019992508801,47.1854897326098,1648.44899999999 9.13019064230835,47.1854999904984,1648.048 9.1301753405378,47.1855127120343,1647.584 9.13016628332132,47.185530101077,1647.13499999999 9.1301581852535,47.185549860173,1646.537 9.13014645966657,47.1855654980773,1646.253 9.13012842586416,47.185575290823,1645.891 9.1301111945854,47.1855820848262,1645.64999999999 9.13010365294216,47.1855923171104,1645.283 9.13010657882887,47.185601792724,1644.75999999999 9.13012255790919,47.1856104826507,1644.21799999999 9.13013598184464,47.185621000505,1643.446 9.13013187354452,47.1856287981609,1643.238 9.13011814923131,47.1856367371838,1642.857 9.13010453197129,47.1856476435792,1642.558 9.13010747691896,47.1856577216989,1641.822 9.13009280663161,47.1856632904702,1641.567 9.130071215066,47.1856707513534,1641.36199999999 9.13005241768258,47.1856835242594,1641.238 9.13003961466575,47.185692637308,1641.145 9.13002681164461,47.1857017503551,1641.284 9.13001145904199,47.1857132850353,1640.98299999999 9.12999875015629,47.18572537464,1640.246 9.13000088639937,47.1857378398083,1639.728 9.12999241194359,47.1857457016415,1639.55899999999 9.12997237321776,47.1857471837893,1639.49099999999 9.12994200622212,47.1857529922761,1639.44100000001 9.12991602383477,47.1857593210965,1639.557 9.12990142886838,47.1857672728904,1639.50199999999 9.12991573657823,47.1857777777791,1638.697 9.12991675762059,47.1857825220836,1638.546 9.12990832068772,47.1857915709379,1638.196 9.12989103857858,47.1857971780743,1637.98299999999 9.12986850125953,47.1858022776617,1637.71799999999 9.12986090294234,47.1858107203959,1637.454 9.1298648498366,47.1858249403201,1636.985 9.12987497941297,47.1858414535199,1636.319 9.12987019432551,47.1858558107918,1635.962 9.12985960253475,47.1858797630447,1635.567 9.12985332084702,47.1859018795713,1635.315 9.12984634844017,47.1859226027475,1635.13099999999 9.12983395367551,47.1859404546706,1635.202 9.1298309903023,47.1859581679643,1635.55899999999 9.12983620706189,47.1859741505923,1635.389 9.12985555143073,47.1859899345588,1634.68399999999 9.12986672750965,47.1860082407358,1634.393 9.12986842234525,47.1860242751306,1634.27899999999 9.12987023112083,47.1860443294249,1634.105 9.12988506919563,47.1860665943502,1633.981 9.12990733335306,47.1861000051263,1633.348 9.12993072060985,47.1861317889602,1633.05499999999 9.12994092583689,47.1861565331237,1633.27099999999 9.12993936485887,47.1861814502439,1633.512 9.12994708208934,47.1862022184015,1633.55 9.12994651761866,47.1862215068637,1633.948 9.12993527120505,47.1862385322027,1634.124 9.12992040157726,47.1862524079347,1634.62699999999 9.12992801727347,47.1862699657245,1634.374 9.12994957048862,47.1862808949171,1633.679 9.12996649052017,47.1862942943605,1633.13499999999 9.12997419565442,47.1863142619778,1632.825 9.12998196354563,47.1863366308204,1632.37699999999 9.12999478428081,47.1863693796796,1632.24400000001</coordinates></LineString>
  </Placemark>
  <Placemark>
	<styleUrl>#green</styleUrl>
      <LineString><coordinates>9.15270603860406,47.211331330652,1423.414 9.15267894282427,47.2113810636219,1423.666 9.15261702135088,47.2114297047015,1423.11900000001 9.15252499580989,47.2114952131386,1422.03999999999 9.15245682845054,47.2115528989443,1421.274 9.15241907366182,47.2116041670494,1420.618 9.15238583003051,47.2116598303971,1419.87300000001 9.15234746211214,47.2117603381346,1418.738 9.15232941000688,47.2118113038884,1418.16499999999 9.1523065336415,47.2118489362131,1417.66099999999 9.15225794673984,47.2119033434539,1416.99400000001 9.15223530900458,47.211948421566,1416.553 9.15219120696783,47.2120743585994,1415.07000000001 9.15218003510925,47.2121356671962,1414.52099999999 9.15214856497555,47.2121778898218,1413.825 9.15210171240108,47.2122188659284,1413.20600000001 9.15204141997565,47.2122495877709,1412.599 9.15184701594523,47.2123300336492,1410.583 9.15178672324792,47.2123607553573,1409.856 9.15173098985325,47.2123973740642,1409.2 9.15161114232197,47.2124826748623,1408.109 9.15151947443137,47.2125586134026,1407.307 9.15147943189675,47.2126069372613,1406.78599999999 9.15146103118848,47.2126474717463,1406.33900000001 9.15144491687796,47.2126909591467,1405.826 9.15144834968636,47.2127296842913,1405.428 9.15145843695038,47.2127712883648,1405.15700000001 9.15146836809313,47.2128084323458,1404.86 9.15147718532726,47.2128783862465,1404.31 9.15148437269724,47.2129662860279,1403.625 9.15148948385494,47.2129885760285,1403.467 9.15150541384852,47.213007727109,1403.277 9.15152310434206,47.2130134197652,1403.08199999999 9.151553783563,47.2130144657309,1402.758 9.15161484117719,47.2130075833052,1402.49099999999 9.15169563766506,47.2130019185741,1401.62699999999 9.15175048370501,47.2130055648029,1400.818 9.15180117427015,47.2130167401945,1399.845 9.15185667674247,47.2130412761783,1398.644 9.15193272936008,47.2130923347539,1396.803 9.15202230956743,47.2131551396926,1394.24000000001 9.15217801963623,47.2132333523971,1390.401 9.15220712895859,47.2132537916776,1389.622 9.15222315529708,47.2132759371638,1388.82000000001 9.1522372425098,47.2133055518699,1387.94500000001 9.15224513972045,47.2133471884795,1387.023 9.15223828226321,47.2135426561447,1382.74400000001 9.15223114408006,47.2135934683839,1381.50999999999 9.15219772135061,47.2136431784099,1380.533 9.15215967854888,47.2136855168388,1379.97 9.1521168362937,47.213714476472,1379.394 9.15206305380248,47.2137436169187,1378.823 9.15200949703995,47.2137802123284,1378.27 9.15197769140308,47.2138120035761,1378.024 9.15192918488916,47.2138693963609,1376.985 9.15187378468711,47.2139164554284,1375.78 9.15182447887339,47.2139485070742,1374.8 9.15180969542429,47.2139651372461,1374.399 9.15180807794768,47.2139830559546,1373.94 9.15181754454984,47.2140052811211,1373.553 9.15185307039566,47.2140211625875,1373.09600000001 9.15189692910485,47.2140234878045,1372.799 9.15196869024641,47.2140090055575,1372.462 9.15203411735271,47.2140020578948,1371.681 9.15210198772965,47.2140025411734,1370.891 9.15215037161754,47.2140092793465,1370.238 9.15220334945475,47.2140233984693,1369.492 9.15223688897672,47.2140452742658,1368.997 9.15224406952771,47.2140645554874,1368.68799999999 9.15224050040577,47.2140899616039,1368.037 9.15222171745387,47.2141185721266,1367.266 9.15217482828374,47.214158046297,1366.086 9.15211462971652,47.2141917626684,1364.986 9.15201114472277,47.2142410129766,1362.83199999999 9.15197457492736,47.2142609453651,1362.012 9.15195545766268,47.2142791335237,1361.42 9.15194304290539,47.214301693336,1360.723 9.15193715244608,47.2143226535807,1360.106 9.15194471517637,47.2143538588882,1359.224 9.15196083715546,47.2143789809254,1358.469 9.15200633412756,47.2144319876908,1356.984 9.15202250372652,47.214458593483,1356.18399999999 9.15202360267658,47.2144928729302,1355.336 9.15201752874087,47.2145764806295,1353.159 9.15201259423655,47.214627260038,1351.84 9.15201834878086,47.2146704310051,1350.773 9.15204232000361,47.2147356878895,1349.183 9.15207209951773,47.2147770078022,1348.042 9.15209095100136,47.2148184813649,1346.965 9.15209248043576,47.2148661866236,1345.912 9.15207898695255,47.2149230583019,1344.674 9.15206319397314,47.2149769862621,1343.55499999999 9.15206632732321,47.2150067640159,1343.09299999999 9.15208036704768,47.2150348859716,1342.648 9.15210947760261,47.2150553342598,1342.31200000001 9.15217165030904,47.2150827487717,1341.728 9.15228474128521,47.2151287844152,1340.734 9.15241561180008,47.2151820226147,1339.249 9.15257264547128,47.2152333686847,1337.545 9.15269432280732,47.2152733202167,1336.17600000001 9.15276685029162,47.215282685603,1335.448 9.15283038818156,47.2152847174582,1334.84600000001 9.15292228532729,47.2152833490382,1333.82399999999 9.15299671641937,47.2152837251195,1332.969 9.15304766174094,47.2153023545459,1332.592 9.15306810515544,47.2153259186087,1332.46000000001 9.15307096554664,47.2153467575859,1332.42999999999 9.15306939633692,47.2153661690615,1332.386 9.15305670768334,47.215379772256,1332.32799999999 9.15302641015075,47.2153906687384,1332.246 9.15298075480894,47.2154002914511,1332.281 9.15290218095107,47.2154074353945,1332.10799999999 9.15277552171295,47.2154167797509,1331.308 9.15247438316655,47.2154451227809,1328.60799999999 9.15236508067173,47.2154497278819,1327.42999999999 9.15226652839731,47.2154482169768,1326.467 9.15212609420055,47.2154368840913,1325.05100000001 9.15204779247516,47.2154311039961,1324.196 9.15197049179383,47.2154252459717,1323.20299999999</coordinates></LineString>
  </Placemark>
  <Placemark>
	<styleUrl>#green</styleUrl>
      <LineString><coordinates>9.15488691862208,47.223909227941,1125.041 9.15475193802045,47.2236625507141,1127.73 9.15470161190374,47.2235532611126,1128.962 9.15465113207436,47.2234391784932,1130.039 9.15459041076197,47.2232981501647,1131.19899999999 9.15455955505336,47.2231667711093,1132.683 9.15452513953458,47.2231170009656,1133.23299999999 9.15449761886078,47.2230894760783,1133.511</coordinates></LineString>
  </Placemark>
  <Placemark>
	<styleUrl>#green</styleUrl>
      <LineString><coordinates>9.15438641516772,47.2217068424927,1159.726 9.15431975913331,47.2219242355554,1158.14 9.15422513085817,47.2221214247266,1156.50900000001 9.15418224053865,47.2221832059799,1156.223</coordinates></LineString>
  </Placemark>
  <Placemark>
	<styleUrl>#green</styleUrl>
      <LineString><coordinates>9.43270629826809,47.2567956881418,1447.015 9.43267047003442,47.256764880199,1447.39 9.4326154089038,47.2567229873773,1448.675 9.43256532445688,47.2566738644098,1450.857 9.43250186349767,47.256632107928,1451.897 9.43247531426254,47.2566232820665,1452.376 9.43243782574296,47.2566025079625,1452.86900000001 9.43242227344033,47.256579212794,1453.42600000001 9.43236207594152,47.2565402609471,1454.666 9.43235009693491,47.2565004655726,1455.185 9.43234051556252,47.2564406453491,1456.55899999999 9.43232807975166,47.2564165764355,1456.94100000001 9.43231170134387,47.2563711528076,1457.75999999999 9.43227972676237,47.2563295710808,1458.556 9.43225924590978,47.2562620487089,1461.02</coordinates></LineString>
  </Placemark>
  <Placemark>
	<styleUrl>#green</styleUrl>
      <LineString><coordinates>9.43406052811272,47.2579786270833,1414.477 9.43408616646411,47.257981089172,1414.505 9.43415773051158,47.2580107918177,1414.57000000001 9.43422767199141,47.258057545719,1414.32000000001 9.43430220186571,47.2581057766538,1413.583 9.43439457128537,47.2581444041151,1413.031 9.43452104766704,47.2581839971614,1412.48699999999 9.43456927830169,47.258201471378,1412.035 9.43462704742888,47.2582223882921,1411.583 9.43464365771484,47.2582325825404,1411.451 9.4346712366966,47.2582494787925,1411.266 9.43469754133214,47.2582846079763,1411.00199999999 9.43471303469884,47.2583338615439,1410.194 9.4347105729238,47.258375481458,1409.5 9.43470746083902,47.2584283414684,1408.633 9.4347202302489,47.2585875012045,1406.905 9.43473378572343,47.2586460737219,1406.41 9.43475812119504,47.2586889748259,1406.22500000001 9.43481191806721,47.2587298268711,1406.158 9.43491372232111,47.2587775668322,1405.931 9.43501720767323,47.2588098199389,1405.505 9.43524190258858,47.2588616291972,1403.603 9.43537524119579,47.2588906383614,1402.56 9.4354000116322,47.2588960303858,1402.364 9.43549429501345,47.2589253474388,1401.383 9.43556376292725,47.2589597282612,1400.66 9.43558515121494,47.2589743382871,1400.41 9.43564772915762,47.2590170801656,1399.803 9.4357202209901,47.2590715267997,1399.06299999999 9.43579425227264,47.2591268464482,1398.158 9.43582545572817,47.2591501667696,1397.79300000001 9.43590528339215,47.2592184051877,1397.04300000001 9.43595984663139,47.2592793527536,1396.50599999999 9.43599814795171,47.2593313058565,1396.014 9.43602953133894,47.2593802747657,1395.59600000001 9.43607266553035,47.2594398818694,1395.06299999999 9.43612863304793,47.2594775915625,1394.66899999999 9.43620008485414,47.2595042087985,1394.27800000001 9.43633078815203,47.2595344322526,1393.401 9.43654876152187,47.2595894507069,1391.781 9.43670723401867,47.2596331292239,1390.202 9.43686401349618,47.2596923035301,1388.664 9.43707197394288,47.2597830886488,1387.086 9.43730728381618,47.259899401594,1385.689 9.43756149907327,47.2600638553833,1384.287 9.43765865149288,47.2601382971957,1383.689 9.43777275779391,47.2602257159932,1383.03200000001 9.43793117039337,47.2603379545831,1382.023 9.43807911034033,47.2604320378881,1381.243 9.43818635651976,47.2604851690481,1380.899 9.43833086923548,47.2605526520374,1379.905 9.43844073308924,47.2606107311239,1378.664 9.43858236648889,47.2606666030726,1376.454 9.43868190864968,47.2607098623418,1375.02899999999 9.43874305151338,47.2607737985455,1373.651 9.43878869573731,47.2608163289031,1372.742 9.4388637150635,47.2608583582342,1371.7 9.43891253913452,47.2608809849277,1371.094 9.43894342064613,47.260895294564,1370.723 9.43900907641388,47.2609491470947,1369.806 9.43909824174391,47.2610417213498,1368.55899999999 9.43912115233515,47.2610655177134,1368.281 9.43915295233565,47.2610891687109,1367.92200000001 9.43922185485943,47.2611404184644,1367.02899999999 9.43945999329319,47.2612895997634,1364.583 9.43960281505392,47.2613771029444,1363.526 9.439659852661,47.2614178515329,1362.93700000001 9.43981911136428,47.261531656478,1361.443 9.43988231838918,47.2615694995851,1360.93399999999 9.44000608084884,47.2616305029082,1359.375 9.44009701592718,47.2616679631875,1357.804 9.44017664368409,47.2617027676438,1356.56 9.4402455608586,47.2617501296468,1355.534 9.44030495416327,47.2618043332007,1354.65399999999 9.4403790932098,47.2618792176276,1353.82799999999 9.44045832508275,47.2619778298141,1352.40700000001 9.44055299420224,47.2621152047202,1350.33900000001 9.44065308614156,47.2622477346565,1347.32399999999 9.4407394131991,47.2623490755614,1345.163 9.44079794269557,47.2624175728638,1343.52 9.44084847241919,47.2624595406712,1342.25199999999 9.44092703632121,47.2625029377049,1340.789 9.44102799767145,47.2625468901497,1339.08500000001 9.44117017383832,47.2626082110523,1337.17600000001 9.44126129015028,47.2626504359532,1336.334 9.44133010259306,47.2626949469559,1335.189 9.44137632577489,47.2627341372029,1334.12 9.44142403350422,47.2627752000909,1333.307 9.44146582012048,47.2628078093005,1332.713 9.44151875831534,47.2628392619034,1332.057 9.44161684906585,47.262881356288,1331.083 9.4416754103934,47.262913664793,1330.602 9.44176124836063,47.2629645466687,1330.026 9.4418460568645,47.2630249747012,1328.651 9.44190098934099,47.2630725789053,1327.516 9.44196482258926,47.2631333625649,1325.993 9.44205162167355,47.2632105451161,1323.96400000001 9.44218143984612,47.2633450491739,1320.425 9.44224245257081,47.2634151851179,1318.78999999999 9.44229590961013,47.2634766349123,1317.52 9.44233866043536,47.2635123671658,1316.85799999999 9.44235458838094,47.2635173266838,1316.709 9.44239583494134,47.2635298806059,1316.234 9.44246206603008,47.263533731302,1315.15399999999 9.44262615998801,47.2635358707976,1312.62300000001 9.44270469833614,47.2635411808135,1311.52099999999 9.44271913277488,47.2635457883667,1311.28599999999 9.44274433556163,47.2635538165908,1310.92 9.44276007328872,47.2635818758676,1310.261 9.44275631103885,47.2636119298786,1309.496 9.4427230120294,47.2636375130749,1308.697 9.44266511200884,47.2636601861146,1307.55100000001 9.44259571736964,47.2637030514326,1306.065 9.44256734961302,47.2637276130725,1305.36199999999</coordinates></LineString>
  </Placemark>
  <Placemark>
	<styleUrl>#green</styleUrl>
      <LineString><coordinates>9.43225924590978,47.2562620487089,1461.02 9.43223677687896,47.2562467549906,1461.136 9.43221526220643,47.2562042814285,1462.463 9.43216837489873,47.2561565245653,1463.984 9.43214567454348,47.2560826433907,1465.82799999999 9.43213757634979,47.2560342242532,1467.53999999999 9.43214092753761,47.2559834565891,1469.177 9.43213514207928,47.2559407018163,1470.424 9.43213525590216,47.2559157858859,1470.601</coordinates></LineString>
  </Placemark>
  <Placemark>
	<styleUrl>#green</styleUrl>
      <LineString><coordinates>9.4305078636049,47.2547471042681,1471.962 9.43055773024634,47.2548050133756,1471.967 9.43061987776103,47.2548874710969,1471.57000000001 9.43064635082124,47.2549272319411,1471.336 9.43065909216807,47.2549641261157,1471.306 9.4306658269716,47.2550227990293,1471.33900000001 9.43067470406636,47.2550783217762,1471.383 9.43069402965822,47.2551089208344,1471.46000000001 9.43075752679611,47.2551666121425,1472.145 9.43080175539272,47.2551952329598,1472.473 9.4308254378945,47.2552211139622,1472.53200000001 9.43084759897102,47.2552671395828,1472.83100000001 9.43087175600587,47.2553053838711,1473.173 9.43091157028046,47.2553371761158,1473.584 9.43096254319384,47.2553641416678,1473.768 9.43102721641266,47.2553924178045,1473.738 9.43108967551374,47.2554222707668,1473.77899999999 9.43120083626863,47.2554791284312,1473.88400000001 9.43126556679443,47.255508933014,1473.912 9.43131399312419,47.2555282046527,1473.83100000001 9.43136911908328,47.2555442742496,1473.693 9.43143793184067,47.2555616456156,1473.40300000001 9.43150445987146,47.2555790564665,1473.012 9.43158985279731,47.2556147026622,1472.606 9.43167996181079,47.2556549008923,1472.29300000001 9.43179083537401,47.2557040341558,1472.046 9.43192994844038,47.2557789602521,1471.79399999999 9.4320275210023,47.2558360522627,1471.33 9.43208594445278,47.2558799025982,1470.91 9.43211532723655,47.2559012759502,1470.72100000001 9.43213525590216,47.2559157858859,1470.601</coordinates></LineString>
  </Placemark>
  <Placemark>
	<styleUrl>#green</styleUrl>
      <LineString><coordinates>9.15270603860406,47.211331330652,1423.414 9.15267786989122,47.2113241387915,1423.766 9.15264786145262,47.2113036320492,1424.47900000001 9.15255063812019,47.2112346256418,1425.173 9.15242150211894,47.2111594186421,1425.792 9.15224731615258,47.2110874732271,1427.624 9.15212169910813,47.2110680567064,1428.488 9.15194745639407,47.211091936696,1430.814 9.15178047915486,47.2111476559555,1434.17 9.15157025799206,47.2112189351753,1438.91800000001 9.15141666415587,47.2113021379135,1442.914 9.15130619083122,47.2113655356927,1445.933 9.15127216710388,47.2113766941186,1446.564 9.15119714005415,47.2113756780987,1447.833 9.15109735993167,47.211359096927,1449.959 9.15099537565671,47.2113380050711,1452.122 9.15089164917657,47.2113169300437,1454.49099999999 9.15076549105953,47.2113045286022,1456.97199999999 9.15069360576575,47.2112960701532,1458.31200000001 9.15061986443669,47.2112840765284,1459.526 9.15056695234146,47.2112682013586,1460.30499999999 9.1504927920217,47.2112431235345,1461.38 9.15041681999386,47.2112105332827,1462.087 9.15034226275035,47.211126469222,1462.94 9.15027323955247,47.211021018395,1465.19899999999 9.15026628714281,47.2109882114629,1465.76700000001 9.15025865834987,47.2109680910848,1466.232 9.15021982327889,47.210955578176,1466.997 9.15017044680619,47.2109408378364,1467.909 9.15013465196647,47.2109140017678,1469.249 9.15010956380117,47.2108941409681,1470.177 9.15010497498844,47.2108596884571,1471.42999999999 9.15010599336628,47.210837064347,1472.234 9.15009509583368,47.2108241270237,1472.77 9.15005460842386,47.2108140227806,1473.639 9.15002116496824,47.210806188956,1474.22199999999 9.14999804748993,47.2107934422965,1474.625 9.1499743336881,47.2107616582638,1475.42 9.14995200578605,47.2107191384292,1476.389 9.1499456239107,47.2106835249907,1477.386 9.14995488341014,47.210645303861,1478.10000000001 9.149957491226,47.210617887816,1479.132 9.14993358721486,47.2105801597152,1480.675 9.14989205813118,47.2105379253219,1482.031 9.14984750235456,47.2105100228335,1482.624 9.14981519190752,47.2104831348709,1483.11900000001 9.14978585836891,47.2104395315687,1484.139 9.14977788696156,47.2104087010588,1485.042 9.14978738245481,47.2103893967125,1486.128 9.14984958340495,47.2103799610827,1487.334 9.14989228179617,47.2103473786734,1488.60000000001 9.14991919069502,47.2103086522478,1489.659 9.14990647580266,47.2103024535412,1490.05499999999 9.14987197511754,47.2102987019502,1491.201 9.14980716581958,47.2102868719348,1491.861 9.14972074879088,47.2102607792588,1492.556 9.1496568646737,47.2102295922777,1494.136 9.14962802652389,47.2102014560765,1495.26300000001 9.14960248205329,47.2101673240242,1495.686 9.14957680985366,47.2101296131366,1495.75599999999 9.14952629215965,47.2100791901741,1496.005 9.14947645960678,47.2100501694015,1496.935 9.14943080981991,47.2100425168306,1497.13099999999 9.14939186135086,47.2100264336064,1497.56299999999 9.14933143682206,47.2099940074552,1498.58199999999 9.14925984900208,47.209940325779,1500.054 9.14916724205207,47.2098845722538,1500.48 9.14902491830803,47.2097914289456,1500.73699999999 9.14898315177966,47.2097363683213,1500.577 9.14888569485975,47.2096532193972,1500.17600000001 9.14884350950476,47.2096048675657,1499.89599999999 9.14874680440535,47.2095126025924,1499.352 9.14866655482321,47.2094456530012,1499.223 9.14858593872252,47.2093680655816,1499.143 9.14854112908082,47.2093346513341,1499.091 9.14847131277364,47.2093016265192,1499.251 9.14843527626818,47.2092807943974,1499.106 9.14833067163929,47.2092036261022,1499.357 9.14830167817937,47.2091763735732,1499.558 9.14826247284497,47.2091196192441,1500.00900000001 9.14823369876367,47.2090938569097,1500.02099999999 9.14819574544284,47.2090539529702,1500.783 9.14817222388248,47.209028121608,1501.47500000001 9.14814205050715,47.2090130952263,1501.88400000001 9.1480925490305,47.2089947841483,1501.923 9.14805471005835,47.2089584501965,1502.16 9.1480204064245,47.2089232603067,1502.3 9.14797888014061,47.2088810252048,1503.391 9.14792248737113,47.2088652005442,1504.78200000001 9.14787998017361,47.2088467855152,1505.606 9.14783348167228,47.2088129642324,1506.499 9.14779503540957,47.2087729055423,1507.713 9.14776583830344,47.2087392681764,1508.726 9.14772781614787,47.2087227927852,1509.433 9.14768073866644,47.2087171040455,1510.573 9.14765828239523,47.2087113646198,1510.58199999999 9.14758228420528,47.2086674639616,1510.364 9.14748354447644,47.2086093080584,1510.38400000001 9.14743567706117,47.2085780800276,1510.723 9.14738778180905,47.2085286338652,1510.709 9.14734650713791,47.2084178391703,1509.988 9.14732191504913,47.2083696484832,1510.41800000001 9.14725741858353,47.2083191891505,1510.939 9.14714852429866,47.2082716829709,1511.89599999999 9.14713335454161,47.2082650705639,1511.978 9.14710226484152,47.2082515060033,1511.822 9.14707796939236,47.2082410884379,1511.44100000001 9.14703829826407,47.2082291806851,1511.118 9.14699710026021,47.2082244390413,1510.74099999999 9.14695068234014,47.2082203686421,1510.224 9.14690940819181,47.2082132439447,1509.78200000001 9.1468846644853,47.2082040835472,1509.197 9.14685819814416,47.2081955514949,1508.757 9.14682565990775,47.2081882971226,1508.33 9.14678075575727,47.20817706073,1507.655 9.14673934861564,47.2081657724267,1507.208 9.14670932843022,47.2081555117108,1506.91899999999 9.14667569113202,47.2081411301452,1506.42 9.14663682102469,47.2081274290032,1505.852 9.14659088795982,47.2081108457115,1505.28200000001 9.14654040312051,47.2080889858397,1504.641 9.14649093520798,47.20807126738,1504.198 9.14644152450359,47.2080553384143,1503.974 9.14636996445573,47.2080296256384,1503.739 9.14630820117305,47.2080097143627,1503.75599999999 9.14626949613749,47.2080007609609,1503.905 9.14625339945034,47.2079890969924,1503.893 9.14622850427789,47.2079751883926,1503.679 9.14620279505313,47.2079630732304,1503.573 9.14617703443723,47.2079497622504,1503.48299999999 9.14615404635147,47.2079405846517,1503.38099999999 9.14612673403479,47.2079332525614,1503.367 9.14608890031694,47.2079242951716,1503.101 9.14606238284125,47.2079145671235,1502.912 9.14603432683788,47.2079108177733,1502.905 9.14600623868452,47.2079064751042,1502.697 9.14598512552524,47.20790143518,1502.58900000001 9.14593615776176,47.2078997773535,1502.29399999999 9.14590630877708,47.207894866989,1502.077 9.14587130995785,47.2078924081543,1501.91 9.14583158824952,47.2078793131648,1501.772 9.14579706722146,47.2078649444546,1501.645 9.14576795048076,47.2078552638871,1501.567 9.14573082241375,47.2078415276113,1501.493 9.14570944336944,47.2078281605436,1501.431 9.14568608122914,47.2078076794227,1501.32399999999 9.14567582283325,47.2077870039657,1501.198 9.14565081936597,47.2077701099121,1501.045 9.14562735646143,47.2077460585443,1500.829 9.14560843839271,47.2077278956551,1500.742 9.14557993254326,47.2077104687339,1500.36199999999 9.14554682476208,47.207685363804,1500.09699999999 9.1455166149787,47.2076691497131,1499.63 9.1454748286006,47.2076459638202,1499.163 9.14544725063287,47.2076303044743,1498.785 9.1454159040812,47.2076057761773,1498.39999999999 9.14538480449238,47.207588981458,1497.924 9.14534846609231,47.2075722644091,1497.52499999999 9.14531456940767,47.2075501490525,1497.17200000001 9.14528409390229,47.2075256078055,1497.05 9.1452509295269,47.2074987222657,1497.037</coordinates></LineString>
  </Placemark>
  <Placemark>
	<styleUrl>#green</styleUrl>
      <LineString><coordinates>9.47588341284266,47.2855897496252,1308.952 9.4759285581661,47.2856175187611,1308.928 9.47595876446084,47.2856391277183,1308.952 9.47597938544573,47.2856566142858,1309.00999999999 9.47601109876034,47.2856903342357,1309.15700000001 9.47604435943383,47.2857368752727,1309.444 9.47609498816525,47.2857981261335,1309.94500000001 9.47611704880796,47.2858263032656,1310.192 9.47614745903855,47.2858529021899,1310.41 9.47618211274593,47.2858808566957,1310.65399999999 9.47622937341735,47.2859092991274,1311.02499999999 9.47628413068347,47.2859411810234,1311.50999999999 9.47637394589474,47.2859883956853,1312.298 9.47647809546552,47.2860460098996,1313.054 9.47662491555987,47.2861534715625,1313.895 9.47675571441374,47.2862568975383,1314.60799999999 9.47683672015261,47.2863375944149,1314.993 9.47692005729078,47.2864242783424,1315.371 9.4769927130893,47.2864944157337,1315.72500000001 9.47705370368604,47.2865523698067,1315.954 9.47710969305258,47.2865894750853,1316.12 9.47716673268839,47.2866170333959,1316.268 9.47721074297738,47.2866333952808,1316.336 9.47726998905523,47.2866456727297,1316.428 9.47735000128738,47.2866518694243,1316.53 9.47743548140629,47.2866551261312,1316.677 9.47748755583339,47.2866627796368,1316.742 9.47755530231088,47.2866777677875,1316.841 9.47762459485935,47.2866965344975,1316.863 9.47769292340629,47.2867267540616,1316.923 9.47775572132295,47.2867589609077,1316.98 9.47780879071501,47.2867923025683,1317.058 9.47784210515597,47.2868221967581,1317.152 9.47787124322543,47.2868521468325,1317.27 9.47789242660023,47.2868936644808,1317.432 9.47790929927483,47.2869324151774,1317.567 9.47793230693294,47.2869853363838,1317.65300000001 9.47795010724417,47.2870116810845,1317.709 9.47798661296918,47.2870510291448,1317.749 9.47804735065853,47.2871023200293,1317.817 9.47809641086517,47.2871414639171,1317.784 9.47814129470953,47.2871806636879,1317.63 9.47816347915297,47.2872116904681,1317.486 9.47817885498994,47.2872475974057,1317.22500000001 9.47818588646211,47.2872855684633,1316.808 9.47818307928843,47.2873217971416,1316.378 9.47817435987423,47.2873867065402,1315.56 9.47817552379711,47.2874171605262,1315.173 9.47818250852169,47.2874532159392,1314.80100000001 9.47819912694014,47.2874853039351,1314.47199999999 9.47822402694294,47.2875143751795,1314.17999999999 9.47825440810115,47.2875405062143,1313.88499999999 9.47831158241132,47.2875729292514,1313.36500000001 9.4784522924698,47.2876511019202,1311.93399999999 9.47848682194222,47.287679894728,1311.524 9.47852603070403,47.2877172873159,1311.01700000001 9.47856258377435,47.2877585418371,1310.451 9.47861544098263,47.2878233062195,1309.655 9.47866720192983,47.2878957108761,1308.848 9.47870078477623,47.2879322492417,1308.40399999999 9.47873393145997,47.2879573774717,1308.05100000001 9.47878698944054,47.2879907189044,1307.61 9.47884530965667,47.2880153925395,1307.02899999999 9.47894904301351,47.2880564115565,1306.03 9.47901173461561,47.2880857764142,1305.54700000001 9.47903628516579,47.2881053433033,1305.367 9.47905676535307,47.2881287791925,1305.159 9.47906349635517,47.2881581808872,1304.878 9.47906185895606,47.2881886754584,1304.667 9.47905592387339,47.288216402892,1304.413 9.47902638394,47.2882492988608,1304.11 9.47897359350339,47.2882959407021,1303.63099999999 9.47889481061521,47.2883582843885,1302.89599999999 9.47883207584152,47.2884232591615,1302.092 9.47878765130049,47.2884839689046,1301.37 9.4787562323091,47.2885407054745,1300.72900000001 9.47874252407643,47.2885847569903,1300.217 9.47872641407066,47.2886393151197,1299.658 9.47872413984517,47.2886898224202,1299.15300000001 9.47872552204506,47.2887259769552,1298.84600000001 9.47872957393354,47.2887582872889,1298.633 9.47874213584788,47.2887942439535,1298.433 9.47875506181168,47.2888397225391,1298.121 9.47876616367578,47.2888738065674,1297.88400000001 9.47876743728272,47.2889071198088,1297.637 9.4787687105475,47.2889404240583,1297.554 9.47876166527227,47.2889757830114,1297.564 9.47875745797151,47.2890120454703,1297.58100000001 9.47874845471494,47.2890546460831,1297.368 9.47873406588658,47.2891265569335,1296.93700000001 9.47871707864929,47.2891951846891,1296.524 9.47868229073872,47.2892457905563,1296.307 9.47862514199474,47.2892884604572,1296.25 9.47848899283102,47.2893791894864,1295.893 9.47837915197978,47.2894527894165,1295.557 9.47836837905511,47.2894913094412,1295.283 9.4783793039953,47.2895211138148,1295.06299999999 9.47845510785093,47.2895814233285,1294.298 9.47855488492898,47.2896513677556,1293.12 9.47862667321645,47.2897124770232,1292.28599999999 9.4786617305006,47.2897508877814,1291.772 9.47868280667442,47.2897895549681,1291.273 9.47869518730147,47.2898207641545,1290.905 9.47870554337918,47.2898720016372,1290.38099999999 9.47871718817181,47.2899195903139,1289.841 9.47872910958085,47.2899629992491,1289.31200000001 9.47875733346065,47.2900305478887,1288.649 9.47878530386581,47.2900911189402,1288.163 9.47878945657012,47.2901042717802,1287.512 9.47879359571756,47.2901174158626,1287.99099999999 9.47881156402805,47.2901744029757,1287.63400000001 9.47883446091565,47.2902368183264,1287.314 9.47886308488862,47.2903148239613,1286.906 9.47889650296404,47.2903840171504,1286.561 9.47892775755063,47.2904637217242,1286.02099999999 9.4789375160206,47.2905176510181,1285.75999999999 9.478941613091,47.2905577073878,1285.567 9.47893012755068,47.2905928030213,1285.33 9.47891617136454,47.2906296879,1284.99400000001 9.47887748451813,47.2906914387357,1284.253 9.47880409560941,47.2908126384523,1282.70699999999 9.47878081259125,47.2908625728143,1282.11 9.47876455652428,47.2909133275421,1281.55499999999 9.47875121139197,47.2909668919547,1280.977 9.47874720900218,47.2910088641802,1280.51700000001 9.47873795733637,47.291059503932,1279.94899999999 9.47873457301406,47.2911176427336,1279.38499999999 9.47873550049061,47.2911785664304,1278.989</coordinates></LineString>
  </Placemark>
  <Placemark>
	<styleUrl>#darkgreen</styleUrl>
      <LineString><coordinates>8.54690241480806,46.5320559023623,2114.67200000001 8.54681929493324,46.53207161977,2114.692 8.54670907012559,46.53209671474,2114.416 8.54652923110342,46.5321439446288,2113.114 8.5464089362824,46.5321712875949,2112.209 8.54634222235198,46.53218162683,2111.776 8.54629117950634,46.5321869732366,2111.443 8.54622916273141,46.5321879642663,2110.811 8.54617362787957,46.5321859232754,2110.394 8.54607164655531,46.5321743125852,2109.999 8.54596369060969,46.5321631288507,2109.54399999999 8.54587928108527,46.5321591468062,2109.183 8.54576556554344,46.5321595434859,2108.842</coordinates></LineString>
  </Placemark>
  <Placemark>
	<styleUrl>#darkgreen</styleUrl>
      <LineString><coordinates>8.54718949270966,46.5320211570348,2114.42200000001 8.54730846591389,46.5320057014993,2113.954 8.54750905219269,46.5319837191067,2113.47100000001 8.54757428958874,46.5319808696736,2113.375 8.54762427131239,46.5319861039228,2113.32000000001 8.54767507684737,46.5319984643371,2113.28999999999 8.5478364609881,46.5320755823399,2112.95 8.54788984249943,46.5320959603975,2112.916 8.54794348636984,46.5321068715542,2112.89200000001 8.54800458414716,46.5321182947262,2112.861 8.54808384724299,46.5321395806976,2112.67999999999 8.54836909944754,46.5322364869779,2112.376 8.54842937747265,46.5322606929542,2112.223 8.54848458462562,46.5322899864393,2112.06200000001 8.54867279946417,46.5323970426039,2111.322 8.54872480432207,46.5324195478934,2111.223 8.5487846999148,46.5324371629841,2111.124 8.54888131676308,46.5324477530515,2110.943 8.54903084489962,46.5324481190649,2110.52 8.54916705512698,46.5324429921557,2110.211 8.54932015548252,46.5324382938519,2110.045 8.54947118544331,46.5324203637243,2109.973 8.54954287957061,46.5324081566942,2109.879 8.54961914060654,46.5323942586321,2109.808 8.54967856886293,46.5323878121802,2109.71400000001 8.54989472299492,46.532381201408,2109.433 8.55002680057084,46.5323748003694,2109.442 8.55011709984224,46.5323532256735,2109.406 8.55018888517056,46.5323226104984,2109.34 8.55030985830554,46.5322782175069,2109.178 8.55043318054723,46.5322460276597,2108.916 8.55060211798306,46.5321866989263,2108.65399999999 8.55077669509658,46.5321004961949,2108.359 8.55092923399483,46.5320006092012,2108.027 8.55104413818328,46.5319146749556,2107.774 8.55128663489122,46.5317139021129,2107.064 8.55132846972116,46.5316804485268,2106.836 8.55139116488957,46.5316408170774,2106.538 8.55148233730801,46.5316002860937,2106.05499999999 8.55178532199795,46.5314822456915,2105.39 8.55182211570681,46.5314648460584,2105.36900000001 8.55187013274585,46.5314385559287,2105.22100000001 8.55203833316633,46.5313302642539,2104.82000000001 8.55212055411835,46.5312709547385,2104.52899999999 8.55216678051184,46.5312431796011,2104.43700000001 8.55221416297224,46.531221546731,2104.31299999999 8.5522923206741,46.531194133514,2103.946 8.55252853226298,46.5311305262605,2102.75 8.5527294225038,46.5310709801999,2102.00900000001 8.5528235131158,46.5310494651281,2101.697 8.55292249183193,46.5310330120851,2101.28599999999 8.55339322910853,46.5309804729815,2098.834 8.55371296099814,46.5309480988353,2096.891 8.55394888261894,46.5309325687882,2095.567 8.55414973311474,46.5309218266452,2094.47900000001 8.55424864628176,46.5309256332227,2093.86199999999 8.55435778097562,46.5309383808956,2093.16800000001 8.55449961885263,46.5309560524531,2092.36 8.55461520572556,46.5309700410456,2091.82000000001 8.55472059802853,46.53097766111,2091.378 8.5549683832188,46.5309691557093,2090.19 8.55513170285711,46.5309747671423,2089.519 8.55526932182606,46.5309850570526,2088.932 8.55538866508387,46.531005458465,2088.239 8.55554078400701,46.5310399771662,2087.368 8.55572178922145,46.5310833163109,2086.10400000001 8.55583201073797,46.5311101674223,2085.507 8.55593645374378,46.5311292482514,2084.88099999999 8.5561420059611,46.5311618735517,2083.787 8.55621378835259,46.5311705153281,2083.461 8.55636476694043,46.5311926829367,2082.63 8.55645167748943,46.5311997633798,2082.22199999999 8.55659058216509,46.5312129359336,2081.659 8.55668868107187,46.5312315656578,2081.023 8.55680342788845,46.5312572107815,2080.17600000001 8.55687391384707,46.5312712358123,2079.735 8.5569806386457,46.5312827361732,2079.13400000001 8.55724504557029,46.5313039037498,2078.065 8.55755448799304,46.5313268406341,2076.394 8.55775089308788,46.5313463191906,2075.35799999999 8.55794771948598,46.531359054871,2074.50999999999 8.5580942230032,46.5313696227603,2073.931 8.55819717383933,46.5313845598262,2073.47900000001 8.55859978857604,46.5314462419652,2071.898 8.55867958135708,46.5314576821659,2071.584 8.5587539570959,46.5314712898631,2071.322 8.55889119232225,46.5315057798159,2070.88 8.55899084399869,46.5315275680354,2070.59600000001 8.55904846721049,46.5315373011901,2070.439 8.55918413210582,46.5315481724173,2069.742 8.55946991282552,46.5315614501431,2068.242 8.55975938592745,46.5315761391798,2067.141 8.55993274909063,46.5315882211476,2066.383 8.56005190048729,46.5315872438555,2065.93700000001 8.56015481850497,46.5315791483922,2065.58199999999 8.56034089897315,46.5315544614634,2064.663 8.56038575583312,46.5315457150967,2064.478 8.56072681467923,46.5314769087797,2062.546 8.56079671251148,46.5314681490092,2062.155 8.56085269239773,46.5314646186081,2061.90700000001 8.56115963592828,46.531458061776,2060.25199999999 8.5615143765417,46.5314468936497,2058.348 8.56177236481618,46.5314387674563,2057.63499999999 8.56199114690222,46.5314365339445,2056.60000000001 8.56221821386111,46.5314465883517,2055.251 8.56234943497302,46.5314581294768,2054.561 8.56241783027009,46.531471829881,2054.15300000001 8.56248122284292,46.5314894392054,2053.715 8.56253892796354,46.5315118818727,2053.352 8.56277083989256,46.5316284600967,2051.924 8.56315139869043,46.5318159807075,2049.92999999999 8.56335741813804,46.5319228457087,2048.826 8.56347083325404,46.5319757747786,2048.118 8.56352623104764,46.5320069574132,2047.80100000001 8.56360977449327,46.5320620531782,2047.29700000001 8.56372195384997,46.5321533554106,2046.461 8.56380218869264,46.532244937697,2045.943 8.56381846013395,46.5322845952811,2045.79399999999 8.56382386374142,46.5323231908722,2045.815 8.56381970540811,46.5323677378332,2045.87 8.56380647526138,46.532414848619,2045.876 8.56375092111563,46.5325593697841,2046.02499999999 8.56374553867051,46.532593942713,2046.035 8.56374690331307,46.5326307609789,2046.02800000001 8.56379041611145,46.5327913231673,2045.86500000001 8.56379354490588,46.5328396395248,2045.73699999999 8.5637975134364,46.532897627832,2045.655 8.56381699686051,46.5330153164704,2045.577 8.56389378459866,46.5333418050761,2045.57399999999 8.56391195524707,46.5334602893898,2045.62 8.56391580166624,46.5335418767841,2045.834 8.56390227110643,46.5336667565038,2046.111 8.56388151192371,46.5338032413064,2046.141 8.56386082918104,46.5338606009191,2046.27499999999 8.56379316978257,46.5340236397749,2045.697 8.56376691665612,46.5340996413115,2045.33 8.56374596875212,46.5341693467544,2045.143 8.5637343425392,46.5342020742022,2045.109 8.56372101356951,46.5342300233513,2045.092 8.56364304399402,46.5343480015829,2044.995</coordinates></LineString>
  </Placemark>
  <Placemark>
	<styleUrl>#green</styleUrl>
      <LineString><coordinates>9.46440537306958,47.2867518877688,941.024999999994 9.46439126015806,47.2867117281443,941.389999999999 9.46436776306804,47.2866619261967,941.861000000004 9.4643347731371,47.2866076303861,942.294999999998</coordinates></LineString>
  </Placemark>
  <Placemark>
	<styleUrl>#green</styleUrl>
      <LineString><coordinates>9.4643347731371,47.2866076303861,942.294999999998 9.46429476395071,47.2865676739367,942.688999999998 9.46417299110361,47.2864565087454,944.267000000007 9.46404210064846,47.286363264664,945.832999999999 9.46392886523072,47.2863052592433,947.279999999999 9.46381158312717,47.2862486294499,948.641000000003 9.46368760904042,47.2861815090911,950.263999999996 9.46360317999174,47.2861243558705,951.365000000005 9.46355047335355,47.2860773162984,952.245999999999 9.46352145001467,47.2860351781493,952.907000000007 9.46350778220573,47.285984771478,953.534 9.4635204093825,47.2859045980865,954.415999999997 9.46353696043187,47.2858243377616,955.573999999993 9.46356534721908,47.2857465507462,956.644 9.46364822905112,47.2856597985549,957.880999999994 9.46372018551125,47.2855945712692,959.031000000003 9.46394105015083,47.2854281061255,962.505999999994 9.46403246131116,47.2853598645247,964.108999999997 9.46413180914375,47.2852941466257,965.760999999999 9.46420095218886,47.2852582912378,966.917000000001 9.4642897657038,47.2852247443607,968.292000000001 9.46435088315805,47.2851836854237,969.517999999996 9.46441107805324,47.2851186733817,971.119999999995 9.46449243634816,47.2849800048526,973.466 9.46459273561386,47.2848693723762,974.168000000005 9.46471052008732,47.2847895277333,974.731 9.46483274851333,47.2847407181308,975.664999999994 9.46497538966334,47.284713773303,977.534 9.46527158512105,47.2846885641424,982.157999999996 9.46538227573193,47.2846799596284,984.126000000004 9.46547647819935,47.284667191202,985.760999999999</coordinates></LineString>
  </Placemark>
  <Placemark>
	<styleUrl>#green</styleUrl>
      <LineString><coordinates>9.43090897490244,47.2607673074592,1295.49400000001 9.43088091911597,47.2607461357788,1295.8 9.43081394095346,47.260717890351,1296.58199999999 9.43071051247903,47.2606871890391,1297.56600000001 9.43059795217208,47.2606550889709,1298.874 9.43043896272647,47.2605974919912,1300.579 9.43033269888507,47.260551354771,1301.829 9.43028156599837,47.2605212875471,1302.41800000001 9.4302163413564,47.260479092425,1302.849 9.43014942190143,47.260452402163,1303.583 9.43005958047858,47.2604199178475,1303.99800000001 9.42996570086797,47.2604014133061,1303.55 9.4299545388971,47.2603994468529,1303.496 9.42985357694649,47.2603816944584,1302.855 9.42971154281126,47.2603516595173,1302.247 9.42959727553156,47.260335063588,1302.295 9.42943495521088,47.2603100125689,1303.446 9.42922663666835,47.2602702895146,1303.99099999999 9.4290777166905,47.260238816222,1302.99400000001 9.42893178398411,47.2602027384282,1302.507 9.42884373073448,47.2601809652305,1302.537 9.42868997949395,47.2601418371088,1303.06 9.42848788786038,47.260086529583,1303.65700000001 9.42834556711368,47.2600487601367,1304.605 9.42824907121239,47.2600210140472,1305.288 9.42816211091371,47.2600055016725,1305.495 9.42813118405748,47.2600012311231,1305.50900000001 9.42805244632525,47.2599903813013,1305.273 9.42800417645092,47.2599757392435,1304.527 9.42792766600624,47.2599352763055,1303.618 9.42784625359294,47.2598856216025,1303.764 9.42770650524247,47.2597951899628,1304.458 9.42740414650347,47.2596100871798,1306.44 9.42721541277944,47.2594864542882,1307.845 9.42707352321056,47.2593991539848,1308.89 9.42695293031602,47.2593346993351,1309.46799999999 9.42685056943687,47.2592714864694,1310.504 9.42667740793748,47.259138298626,1312.261 9.426502046374,47.2590066960534,1313.902 9.42641786034951,47.2589431692046,1314.52099999999 9.42638899194481,47.25891393979,1314.643 9.42635473589079,47.2588645950906,1315 9.42632109762386,47.258831489088,1315.246 9.42627572309303,47.2588044069056,1315.519 9.42621673091898,47.2587775416547,1316.04700000001 9.42616689313369,47.2587679554658,1316.303</coordinates></LineString>
  </Placemark>
  <Placemark>
	<styleUrl>#green</styleUrl>
      <LineString><coordinates>9.13161662252361,47.1874937726143,1631.72900000001 9.13159320871615,47.1874782917239,1632.045 9.13155354771941,47.1874531803751,1632.836 9.13152252427785,47.1874407803801,1633.158 9.13148557936517,47.1874276757778,1633.273 9.13145916355357,47.187411996114,1633.336 9.13143029839374,47.1873931496148,1633.622 9.13138988218032,47.1873816974848,1634.662 9.13135422588116,47.1873717767481,1635.523 9.13133254498081,47.1873568371116,1636.125 9.1313122669645,47.1873491102694,1636.53599999999 9.13127566555198,47.1873464368487,1636.87 9.13124136120851,47.1873421191962,1637.636 9.13120810392999,47.1873337735533,1637.8 9.13117695369132,47.1873173627544,1637.788 9.1311468383942,47.1872961234298,1637.686 9.13111670992998,47.1872748842912,1638.05 9.13109739033951,47.1872599098781,1638.201 9.13106400591212,47.1872475444903,1638.474 9.13103536952151,47.1872359189685,1638.70299999999 9.13101130223282,47.1872202136576,1638.963 9.13098258959543,47.1872061780993,1639.40700000001 9.13096106140978,47.187196058439,1639.757 9.13092688411564,47.1871957514033,1640.14999999999 9.13088817575955,47.1872011430012,1640.341 9.13085272314737,47.1871976518355,1640.368 9.13081699080529,47.1871853209083,1640.868 9.13079065185829,47.1871720601063,1641.14200000001 9.13075667121621,47.1871404322315,1641.405 9.13071840017337,47.1871225245997,1641.874 9.13068625404838,47.1871117513229,1641.851 9.13065401848735,47.1870985682074,1642.16099999999 9.13064050603843,47.1870810971779,1642.557 9.13062564204339,47.187058032012,1642.118 9.13060174037254,47.1870471374757,1642.23699999999 9.13056939116213,47.187029943431,1642.42999999999 9.13056529715101,47.1870123338972,1641.83 9.13056934595425,47.1869913927643,1640.601 9.13056276385448,47.1869698072394,1640.174 9.13053486981511,47.1869445135221,1639.696 9.1304962058878,47.1869137641508,1638.533 9.13045908348737,47.1868950298327,1638.124 9.13040421028158,47.1868733536357,1637.64200000001 9.13035898364889,47.1868587510221,1637.567 9.13031964050502,47.1868440708854,1637.86 9.13029222941207,47.1868340375969,1637.755 9.13027289702096,47.1868190632376,1637.216 9.13025571029783,47.1867968238943,1636.231 9.13024306738064,47.1867697044525,1635.527 9.13022003524577,47.1867491614718,1634.984 9.13019077679182,47.1867182737237,1634.51300000001 9.130173691688,47.1866992447357,1634.333 9.13015418159255,47.1866786499634,1634.28 9.13012761435904,47.186658158935,1634.29399999999 9.13011377223037,47.186630256393,1634.04399999999 9.13010489300576,47.1866103060452,1633.939 9.13008442526225,47.186596149062,1633.647 9.13007692313949,47.1865826021902,1633.126 9.13007160470223,47.1865634092072,1632.78999999999 9.13005579551131,47.1865475823037,1632.75599999999 9.13004478355373,47.1865348877418,1632.61 9.13005014685068,47.1865179488778,1632.675 9.13004852789023,47.1865043155194,1632.742 9.13003144318987,47.1864852955019,1632.507 9.13001664237616,47.1864646314798,1632.14599999999 9.12999383885677,47.1864513095331,1632.408 9.12998989753352,47.1864385200253,1632.352 9.12999882102459,47.1864223205483,1632.111 9.12999597746337,47.1864071037585,1632.193 9.12999303236246,47.1863886766,1632.21400000001 9.12999478428081,47.1863693796796,1632.24400000001</coordinates></LineString>
  </Placemark>
  <Placemark>
	<styleUrl>#green</styleUrl>
      <LineString><coordinates>9.44168750646835,47.2655460768032,1240.63499999999 9.44166488737322,47.2656182067959,1240.549</coordinates></LineString>
  </Placemark>
  <Placemark>
	<styleUrl>#green</styleUrl>
      <LineString><coordinates>9.94144732305234,46.7657780169868,2206.76700000001 9.94158432493164,46.7656835721125,2207.512</coordinates></LineString>
  </Placemark>
  <Placemark>
	<styleUrl>#green</styleUrl>
      <LineString><coordinates>9.94158432493164,46.7656835721125,2207.512 9.94167213086028,46.7655995391273,2208.111 9.94172992821582,46.7655484563334,2209.065</coordinates></LineString>
  </Placemark>
  <Placemark>
	<styleUrl>#green</styleUrl>
      <LineString><coordinates>9.91860713487795,46.7867343579814,1937.94100000001 9.91864182778773,46.7867650320243,1937.715 9.91865993162828,46.7868062093174,1937.359</coordinates></LineString>
  </Placemark>
  <Placemark>
	<styleUrl>#green</styleUrl>
      <LineString><coordinates>9.45003332061488,47.2696097490792,1215.42600000001 9.44988842420843,47.2694917391337,1215.52899999999 9.44973522337967,47.2693894215941,1215.84600000001 9.44955442459062,47.2692692666427,1216.41099999999 9.44942168088598,47.2691899311314,1216.44899999999 9.44931172099048,47.2691399255549,1216.497 9.44929465399758,47.2691321616351,1216.5 9.44927490026903,47.2691274677473,1216.546 9.44916372951014,47.2691011105316,1216.791 9.44902068510045,47.2690736088078,1217.046 9.44892929195714,47.2690518729035,1217.21400000001 9.44890431301053,47.2690375978311,1217.224 9.44886424328033,47.2690146785313,1217.28999999999 9.44882847149082,47.2689753088339,1217.444 9.44880883547811,47.2689435484116,1217.636 9.44879629696144,47.2688699878651,1217.863</coordinates></LineString>
  </Placemark>
  <Placemark>
	<styleUrl>#green</styleUrl>
      <LineString><coordinates>9.44879629696144,47.2688699878651,1217.863 9.44879606801022,47.2688256433078,1217.679</coordinates></LineString>
  </Placemark>
  <Placemark>
	<styleUrl>#green</styleUrl>
      <LineString><coordinates>9.14303852727178,47.2049273446012,1523.04700000001 9.14300098734567,47.2049192365738,1523.644 9.14297210609352,47.2049172890836,1524.319 9.14294876646791,47.2049247691471,1524.75999999999 9.14290715575944,47.2049343191075,1525.24099999999 9.14286811358319,47.2049420316611,1525.538 9.14283501630264,47.2049449058688,1525.75999999999 9.14280350314413,47.2049423945198,1525.836 9.14277621174025,47.2049356551372,1525.765 9.14276096298943,47.204922790564,1525.838 9.14274193308505,47.2049010571459,1526.099 9.14270156936712,47.2048677278165,1526.692 9.14267381735771,47.2048461235201,1527.24000000001 9.14263891989249,47.2048198567002,1527.693 9.14261643113876,47.2047993620469,1528.232 9.14257975439338,47.2047719429702,1528.993 9.14254750181769,47.2047462307568,1530.075 9.14252156739218,47.2047269746724,1530.64 9.14250790891981,47.2047093272178,1531.094 9.14249052610537,47.2046845914362,1531.70600000001 9.14246304541329,47.2046719078992,1531.72900000001 9.14243221358331,47.2046634304838,1531.882 9.14240130638337,47.2046525880179,1531.82399999999 9.14237299266938,47.2046411043683,1531.63099999999 9.14234378315252,47.2046284373975,1531.87300000001 9.14231255928637,47.2046080719852,1532.15399999999 9.14226630874571,47.2045813883107,1532.702 9.1422413402528,47.2045650958083,1533.076 9.14222080188625,47.2045511128847,1533.432 9.14218716806465,47.2045367299936,1533.807 9.14213405681924,47.2045143133294,1534.329 9.14210755495075,47.2045045841661,1534.447 9.14207749959884,47.204493126222,1534.474 9.14205527654833,47.2044809585658,1534.924 9.14202353646571,47.2044713159045,1535.516 9.14199072261735,47.2044557332445,1535.74000000001 9.14194135441988,47.2044409893492,1535.783 9.1419044325866,47.204433204705,1535.946 9.14186934738084,47.2044283708107,1536.045 9.1418359031197,47.2044199318976,1536.045 9.1418040871869,47.2044079061476,1536.262 9.14177575482133,47.2043958288414,1536.519 9.14173860584735,47.2043809130448,1536.822 9.14170670084289,47.2043665044348,1537.147 9.14169139549972,47.2043518501987,1537.429 9.14167342649099,47.2043360477961,1537.82399999999 9.1416545487896,47.2043190712588,1538.27099999999 9.14163132237921,47.2043027528511,1538.734 9.14160105868675,47.2042847481988,1539.12699999999 9.14157275882128,47.2042732731485,1539.239 9.14154607353036,47.2042581934775,1539.639 9.14150321211241,47.2042284724236,1540.322 9.14145594559612,47.2041976379455,1541.151 9.14142556830243,47.2041760632002,1542.019 9.14139702190463,47.204156845512,1542.518 9.14137118299088,47.204140565703,1543.18399999999 9.14134534980235,47.2041248795923,1544.148 9.14132123378274,47.2041079804957,1545.011 9.14130237517797,47.2040915974086,1546.008 9.14127916216916,47.2040752787336,1546.508 9.14124366023197,47.2040573514797,1547.095 9.14121969578729,47.2040452094263,1547.202 9.14120083723574,47.2040288263222,1547.643 9.14118723608653,47.2040129592348,1548.211 9.14118135347138,47.203992812454,1549.007 9.14116947519754,47.2039763260907,1549.48299999999 9.14115042737492,47.2039539988951,1550.289 9.14113505240045,47.2039375642514,1550.739 9.1411232875659,47.2039246389374,1550.742 9.14111915994051,47.203904466194,1551.515 9.14112023869636,47.2038836226503,1551.97100000001 9.14111257655735,47.2038623146109,1553.74099999999 9.14109190644398,47.2038441769198,1554.09299999999 9.14106618118309,47.2038314580955,1553.65700000001 9.14103701649951,47.2038205894978,1554.11 9.1410288810184,47.2038117760097,1554.53200000001 9.1410319610464,47.2037986401122,1555.018 9.14104385784484,47.2037883517448,1555.54399999999 9.14106286717026,47.2037821146935,1555.65399999999 9.14108639586381,47.2037805790938,1555.97 9.14111357847341,47.2037843425363,1556.481 9.1411303540565,47.2037900412786,1556.80499999999 9.14115312557402,47.2037920885941,1557.166 9.14117476100479,47.2037858216754,1557.772 9.14119798639106,47.2037747629301,1558.37699999999 9.14121512732372,47.2037649907592,1558.739 9.14122737294126,47.2037536355901,1559.155 9.14122266710074,47.2037372770483,1559.84 9.14122517113089,47.2037172491207,1560.57000000001 9.14123503426448,47.2036978230783,1561.02800000001 9.14122078022368,47.2036780340517,1561.433 9.1412127618065,47.2036567312881,1561.724 9.14119100264193,47.203631340311,1561.995 9.14117474169284,47.2036144419481,1562.16 9.14114476292539,47.2035941747694,1562.69500000001 9.14111609952386,47.2035824620755,1563.239 9.14108526995783,47.2035686401776,1563.712 9.14105771686641,47.2035590432875,1564.11 9.14103948485345,47.2035457457895,1564.409 9.14102541306158,47.2035316760077,1564.55899999999 9.1410167386552,47.203522519615,1564.591 9.14099770106326,47.203517088231,1564.79399999999 9.14096404929501,47.2035133034868,1565.357 9.14093645100871,47.2035022857427,1565.82799999999 9.14092038521257,47.2034910974253,1566.06 9.1408979343218,47.2034771425595,1566.64999999999 9.1408776498937,47.2034653058826,1567.22199999999 9.14083846422372,47.2034523182518,1567.575 9.14081694210141,47.2034347779057,1568.31200000001 9.1408006719047,47.2034171688812,1568.55100000001 9.14078445667162,47.2034017002796,1568.66899999999 9.140769296764,47.2033862070721,1568.848 9.14074033806541,47.2033652139583,1569.473 9.14072326227549,47.2033554710415,1569.75599999999 9.14069675205193,47.2033458676415,1570.333 9.14067214832444,47.2033298033315,1571.00199999999 9.14064313097602,47.2033073805704,1571.36199999999 9.14062697425364,47.2032933325762,1571.61199999999 9.14061486436052,47.2032749512582,1571.77099999999 9.14060081536974,47.203261591836,1571.988 9.14057922526268,47.2032419112143,1572.428 9.14055008491925,47.2032152077734,1572.872 9.14052527688402,47.2031927227404,1573.30100000001 9.14050580773723,47.2031737304869,1573.595 9.14047712179863,47.2031612982274,1573.97 9.1404408950667,47.2031425537462,1574.439 9.1404088869751,47.203124457625,1574.88800000001 9.14038639114165,47.2031090818327,1575.467 9.14036052762794,47.2030866123711,1576.019 9.14034413056107,47.2030654244346,1576.45699999999 9.14031738384345,47.2030479702418,1576.894 9.14030019458973,47.203034657213,1577.353 9.14027286919539,47.2030322002307,1577.633 9.14023619102511,47.2030320317514,1577.99000000001 9.14020231234479,47.2030211066869,1578.144 9.14017778674221,47.2030079021008,1578.31600000001 9.14016057463785,47.2029938696458,1578.501 9.14013491592522,47.2029778298177,1578.65300000001 9.14010613944646,47.2029625468216,1578.84 9.14007833697789,47.2029450991851,1579.09 9.14005694241619,47.2029311375409,1579.386 9.14002622683726,47.2029208764132,1579.727 9.13998385587799,47.2029065050942,1580.015 9.13994243661683,47.2028892677075,1580.192 9.13990835346423,47.2028719128707,1580.41800000001 9.13988151626635,47.2028516079318,1580.626 9.13985988108761,47.2028304973548,1580.906 9.13982122946025,47.2028010823375,1581.376 9.13979204423561,47.2027729488834,1582.042 9.13977257521615,47.2027539475113,1582.391 9.13974896922101,47.2027364467687,1582.738 9.13971996577694,47.2027140235764,1583.251 9.13970153948497,47.2026950157781,1583.774 9.13968003152175,47.2026774840134,1584.34299999999 9.13965832839117,47.2026542331664,1584.887 9.13964621868989,47.2026358427509,1585.61199999999 9.13963417738398,47.2026196015577,1586.23 9.13961583245008,47.2026027337814,1586.772 9.13958895912709,47.2025817005698,1587.34 9.13955141831778,47.2025544102859,1588.042 9.13952792578669,47.2025404705543,1588.12300000001 9.1395042973628,47.2025222593478,1588.247 9.13948688130707,47.202501806096,1588.552 9.13947043956068,47.202479197206,1588.753 9.13946151581897,47.2024621901808,1588.754 9.13944310290058,47.2024431821448,1588.70699999999 9.13942381579996,47.2024298909935,1588.74099999999 9.1393961731873,47.2024174520508,1588.89999999999 9.13936746531148,47.2024043090992,1588.997 9.1393509326692,47.2023788405545,1589.114 9.13934256505557,47.2023461168951,1589.658 9.13934177030432,47.2023211355368,1589.683 9.13935127993826,47.2022909996935,1590.74800000001 9.13934960157689,47.2022710246143,1591.098 9.13933232212504,47.2022548607937,1591.057 9.13929928196062,47.2022374903706,1591.137 9.13926226362508,47.2022266114301,1591.05499999999 9.13922716161652,47.2022099911966,1590.93799999999 9.13918786370185,47.202193432949,1590.84299999999 9.13915471034451,47.2021725014263,1590.834 9.13912157020786,47.202151569699,1590.855 9.13908602374417,47.2021213888206,1590.989 9.13905466355227,47.2020904263386,1591.11199999999 9.13902984347363,47.2020679411715,1591.163 9.13901547741581,47.2020445908053,1591.226 9.13901350400412,47.2020153353866,1591.715 9.13900223282594,47.2019905088043,1592.02 9.13899073455322,47.2019585421191,1592.11199999999 9.13896344396012,47.201923956758,1592.058 9.13894252473185,47.2018921292488,1592.019 9.13893550439246,47.2018693810983,1592.107 9.13892239821605,47.2018524358211,1592.094 9.13890600238408,47.2018312566656,1592.03 9.13890104773621,47.2018070475055,1592.231 9.1388938590045,47.201778588874,1592.126 9.13888342609877,47.201747326183,1592.492 9.13886398065636,47.2017290440579,1592.516 9.13882336827747,47.2017039311613,1592.129 9.13878696150939,47.2016794758688,1591.83199999999 9.13874969400034,47.201660746246,1591.175 9.13872502357063,47.2016425412805,1591.103 9.13871589601724,47.2016191134969,1591.628 9.13871528316586,47.2015998424134,1591.80100000001 9.13870405768406,47.2015764456183,1591.927 9.13867826368058,47.2015561160021,1591.939 9.13866392050558,47.2015334760022,1592.238 9.13865467918256,47.2015064691691,1592.493 9.13865074445823,47.2014815341861,1592.486 9.13864033434392,47.2014509818841,1592.83900000001 9.13862260126462,47.2014205377469,1592.895 9.13858589027963,47.2013860914449,1592.605 9.13855697870261,47.2013665185975,1592.226 9.13852680741914,47.2013405406356,1591.90300000001 9.13851144487384,47.201318635417,1591.47100000001 9.13849562798313,47.2012824409962,1591.289 9.13848708917497,47.2012447265816,1591.20299999999 9.13847875425135,47.2012134238716,1590.436 9.13845055810837,47.201183134243,1589.817 9.13843074989086,47.2011534314723,1589.86 9.13841909345132,47.2011164738443,1590.442 9.138405306554,47.201078108192,1590.219 9.13839236757053,47.2010340260455,1590.139 9.13837889865481,47.2010056601326,1590.12699999999 9.13836769603249,47.2009829737146,1590.10400000001 9.13836032613968,47.2009488047584,1590.567 9.13834173258044,47.2009240862535,1590.605 9.13832640220988,47.2009036020297,1591.084</coordinates></LineString>
  </Placemark>
  <Placemark>
	<styleUrl>#green</styleUrl>
      <LineString><coordinates>9.13832640220988,47.2009036020297,1591.084 9.13833167468126,47.2008713876022,1590.81299999999 9.13832688874025,47.2008528888919,1590.95 9.13831468927292,47.2008316476812,1591.52099999999 9.138291945414,47.2008084209519,1591.70699999999 9.13827339710734,47.200785123262,1591.89999999999 9.13826727407606,47.2007573685965,1592.621 9.13826968815844,47.2007344810788,1593.878 9.13826769261749,47.2007045152239,1595.308 9.13826900568978,47.2006802134745,1595.94 9.13827871066323,47.2006557967908,1596.82799999999 9.13829895970813,47.2006333566312,1597.311 9.1383233687597,47.2006101442841,1598.284 9.13833014697139,47.2005929052797,1599.212 9.13831168964057,47.2005724672339,1599.36599999999 9.13830057805466,47.2005526404461,1599.573 9.13829133708489,47.200525633577,1599.54700000001 9.13829252724747,47.200497051165,1598.962 9.13829887431445,47.2004662513566,1598.59600000001 9.13830004188537,47.2004369585306,1598.47500000001 9.13829492868038,47.2004077494633,1599.00199999999 9.13828575606846,47.2003828918185,1599.572 9.13827022174444,47.2003559868846,1600.524 9.13825559721609,47.2003240662927,1601.34299999999 9.13824649267925,47.2003013488776,1601.837 9.13822806774318,47.2002823408315,1601.74400000001 9.13821067549088,47.2002625977885,1601.777 9.13820583508574,47.2002419676346,1601.78599999999 9.13819968928109,47.2002134935554,1602.19 9.13820438279052,47.2001962853422,1602.37300000001 9.13821180799717,47.2001661803622,1602.45699999999 9.13821817765645,47.2001360909693,1602.864 9.1382150946526,47.2001047196747,1603.82399999999 9.13821019532427,47.2000826509026,1604.659 9.13820524115376,47.2000584417018,1605.08500000001 9.13820919530667,47.2000183925352,1605.947 9.13821871836383,47.1999882565729,1606.22 9.13821774263569,47.1999575649049,1605.466 9.13820540733563,47.1999320432108,1605.34 9.13819523767601,47.1999086217759,1605.61199999999 9.13817759627142,47.1998810371979,1605.33500000001 9.13816097435426,47.1998527178184,1605.07000000001 9.13813789050583,47.1998187808921,1604.844 9.13812693779868,47.1998039449647,1605.05499999999 9.13810432085563,47.1997842790584,1605.632 9.13810172386509,47.1997686089949,1605.821 9.13809271039282,47.1997487512044,1606.211 9.13808255049228,47.1997260493595,1606.287 9.13806933162581,47.1997055339222,1606.196 9.13805904858352,47.19967854242,1606.247 9.13805414964457,47.1996564826315,1606.405 9.13804680271776,47.1996230240574,1606.351 9.1380320972965,47.1995889633921,1606.144 9.13802611059282,47.199565489173,1606.204 9.13802757300635,47.1995454676922,1606.27099999999 9.13803012348802,47.1995268696328,1606.16899999999 9.13802307159165,47.1995026913979,1606.084 9.13802216401708,47.1994741399584,1606.28599999999 9.13802270566151,47.1994255672322,1606.792 9.13801192389194,47.1993828836726,1606.803 9.13799797909006,47.1993395270728,1606.289 9.13799483761816,47.1993067261404,1606.033 9.13798379981754,47.1992792419544,1605.599 9.13797314959528,47.1992406949764,1605.298 9.13799729240948,47.1991767311062,1605.22100000001 9.13799656703448,47.1990662880908,1604.595 9.13804288953198,47.1988600001806,1604.09 9.13806522595752,47.1988359727734,1604.201 9.13810125422206,47.1988008390518,1604.649 9.13812011979004,47.1987710239622,1605.03599999999 9.13813014233002,47.1987354285571,1604.842 9.13815252752511,47.1986996505867,1604.804 9.13818126156337,47.1986688440537,1604.85000000001 9.13820628837761,47.1986381012575,1604.891 9.1382295649297,47.1985913340071,1604.931 9.13825545624943,47.1985487566324,1604.98 9.13827686951048,47.1985214409859,1605.042 9.1383023516266,47.1985050233492,1605.046 9.13832405989038,47.1984869880371,1605.10799999999 9.13834295181183,47.1984580092186,1605.182 9.13835657439368,47.1984189868169,1605.35400000001 9.13837823539531,47.1983604395846,1604.976 9.13840178014343,47.1983221163298,1605.296 9.13841709888962,47.198297418769,1605.039 9.13841746760868,47.1982704049175,1604.67200000001 9.13841671652303,47.1982467814067,1604.565 9.13843560859531,47.1982178115638,1604.923 9.1384419639346,47.1981839616857,1604.83199999999 9.1384418632118,47.198141768161,1604.617 9.13845211353818,47.1981137626559,1604.716 9.13844896264583,47.1980927116886,1604.421 9.13843546071678,47.1980574727004,1603.951 9.13842086559567,47.1980264603617,1603.61199999999 9.13839964030415,47.1979820417435,1603.16899999999 9.13839143458877,47.1979576916311,1603.163 9.13839654971815,47.1979238600708,1603.63099999999 9.13839693163875,47.1978968460218,1603.84 9.1383835638817,47.197865824547,1603.651 9.13836763510674,47.1978323037966,1603.481 9.13836185608851,47.1978062264411,1603.351 9.13836107844546,47.197781766617,1603.394 9.13835717655637,47.1977370921311,1603.568 9.13834467339839,47.1976942360798,1603.546 9.13833854590193,47.1976571967639,1603.649 9.13833868655582,47.1976225929734,1604.024 9.13834502869218,47.1975887432904,1604.236 9.13834119377215,47.1975457592126,1604.268 9.13832834188468,47.1974919322059,1604.185 9.13830426140722,47.1974357519285,1603.836 9.13827206203394,47.1973965605633,1603.31 9.13823626280886,47.197360805153,1602.766 9.13821293289748,47.197328230387,1602.364 9.13816949111392,47.1972858312231,1602.147 9.13815598957301,47.1972505921949,1602.09299999999 9.13813874032176,47.1972145538138,1601.75 9.13812425308452,47.1971869226425,1600.958 9.13810369869433,47.1971635915708,1600.61599999999 9.13809684062204,47.197142595337,1600.319 9.13808602073399,47.197114064304,1600.012 9.13807421511747,47.1970931411306,1599.649 9.13805740821612,47.1970706004107,1599.317 9.13805030892345,47.1970420144321,1598.916 9.13805305100042,47.1970115917261,1598.49099999999 9.1380665124951,47.1969675065191,1597.577 9.13807646808617,47.1969302296839,1596.974 9.13807988720917,47.1968820732695,1596.268 9.1380699454453,47.1968417164597,1595.554 9.1380553108058,47.1968098589567,1594.75599999999 9.13802967528983,47.1967823924001,1594.095 9.13801729348084,47.1967437540202,1593.53 9.1380187548388,47.1967116588253,1592.902 9.13802627012139,47.1966752637271,1592.249 9.13802998425624,47.1966363876598,1591.095 9.13803361806561,47.1965949846753,1590.48299999999 9.13804105271547,47.1965560536658,1589.997 9.13805125385825,47.1965098933532,1590.43700000001</coordinates></LineString>
  </Placemark>
  <Placemark>
	<styleUrl>#darkgreen</styleUrl>
      <LineString><coordinates>8.54576556554344,46.5321595434859,2108.842 8.54556198688427,46.5321646565038,2107.87 8.5454100996493,46.5321585241521,2106.961 8.54527189762534,46.5321465366231,2106.012 8.54516393954706,46.532129495434,2105.386 8.54499351593673,46.5320940254361,2104.41099999999 8.54486055486471,46.5320686536056,2103.61 8.54470282446244,46.5320463924737,2102.644 8.54455216339279,46.5320326180245,2101.477 8.54445273452614,46.5320278723724,2100.818 8.54435221582263,46.532037423663,2100.11500000001 8.54427668051572,46.532054342942,2099.73299999999 8.5441972663481,46.5320836790621,2099.19100000001 8.54408268452432,46.5321476337035,2098.005 8.54398167778673,46.5322009843317,2097.24400000001 8.54386148531959,46.5322602341478,2096.111 8.54373058371523,46.5323357726148,2094.95699999999 8.54354046227179,46.5324842452325,2093.215 8.54338543051725,46.5325942944203,2091.66099999999 8.54331913648358,46.5326393272538,2090.795 8.5432177138354,46.5327036839342,2089.874 8.54310190306357,46.5327579962657,2089.149 8.54300839408213,46.5327962130462,2088.554 8.54299010883644,46.5328028051554,2088.469</coordinates></LineString>
  </Placemark>
  <Placemark>
	<styleUrl>#green</styleUrl>
      <LineString><coordinates>8.68852972150849,47.0578102031871,1485.78 8.68853208108509,47.0577911416905,1485.652 8.68851774460555,47.0577741601438,1485.50199999999 8.68837618977025,47.0576785879206,1484.042 8.68823472410344,47.0575868199183,1482.164 8.68816738051074,47.0575666099006,1481.556 8.68806123271484,47.0575544328738,1480.38400000001 8.68796921759607,47.0575516288578,1479.501 8.68788248990608,47.0575373331558,1478.643 8.68763898544073,47.0574904768418,1476.36900000001 8.6873641918155,47.0574153976402,1473.59699999999 8.68723808407014,47.0573843921536,1472.452 8.68713146739178,47.0573531835672,1471.302 8.6869754736489,47.0572349165031,1469.155 8.68692173128651,47.0572012256101,1468.482 8.68684879057008,47.0571791685058,1467.662 8.68674517288065,47.0571574448619,1466.575 8.68669172293053,47.0571351757649,1466.175 8.68661182873032,47.0570541615203,1465.202 8.6865832903143,47.0570259090355,1464.83199999999 8.68655777677085,47.0570071505621,1464.53999999999 8.68647921207724,47.0569832471791,1463.637 8.68640338013923,47.0569574158593,1462.84699999999 8.68617191180537,47.0568285429138,1460.594 8.68598518253467,47.0567067941563,1458.183 8.68589695126232,47.0566277771851,1456.97 8.6858602158086,47.056605326118,1456.552 8.68542463178571,47.0564463009257,1452.394 8.68530060937875,47.0563848098128,1451.111 8.6852495836091,47.0563472832908,1450.451 8.68522358387087,47.0563075778298,1449.761 8.6851848441818,47.0561994602178,1448.482 8.68516724541982,47.0561615617084,1448.068 8.6850215078382,47.0560050910864,1446.20600000001 8.68498109850399,47.0559446080257,1445.776 8.6849827378253,47.0558950755527,1445.65399999999 8.68498436398342,47.0558455432221,1445.371 8.68495947345548,47.0557334788149,1444.41899999999 8.68494797500705,47.0555984008634,1443.52 8.6849573517917,47.0555221378622,1443.087 8.68496946079143,47.0554439290221,1442.63099999999 8.68496839881841,47.0553982402279,1442.249 8.68496370633783,47.0553164174211,1441.277 8.68497131057589,47.0552839578067,1441.196 8.68499302851866,47.055258973682,1441.167 8.68502623352231,47.0552490862874,1441.098 8.68509003086542,47.0552369685515,1440.798 8.6851536954139,47.0552191396809,1440.166 8.68529160880391,47.0551586185487,1438.51300000001 8.68537406777863,47.0551101065791,1437.592 8.68542844594583,47.055052390612,1436.947 8.68548269119561,47.0549889635192,1436.068 8.68552094495215,47.0549561889701,1435.62300000001 8.68571075477993,47.0548513014969,1434.19500000001 8.68579290309833,47.054789469321,1433.314 8.68582808737826,47.0547452849334,1432.78 8.68584781212498,47.0546346341565,1431.21799999999 8.68585422018022,47.0545507745854,1429.977 8.68586151395085,47.0545049950042,1429.389</coordinates></LineString>
  </Placemark>
  <Placemark>
	<styleUrl>#green</styleUrl>
      <LineString><coordinates>8.68882029593154,47.0627019566941,1519.235 8.68878117091124,47.0627686571097,1517.493 8.68876774927551,47.0628310563917,1516.486 8.68874687474775,47.0628922683632,1516.368 8.68873912259576,47.0629584202665,1515.883 8.68873586240607,47.0630246851917,1514.58 8.68874196967649,47.0630997183004,1513.083 8.68874983277196,47.0631681831164,1511.966 8.68878035677539,47.0632221153665,1511.84299999999 8.68882361089441,47.0632844823014,1511.35400000001 8.68889197202491,47.0633480062191,1511.67999999999 8.68893688621398,47.0633917870468,1512.67999999999 8.68898806558676,47.0634354996315,1513.59600000001 8.68906242581658,47.0634875330506,1515.196 8.68912418923645,47.0635368428473,1517.22 8.68916528474382,47.0635963813958,1518.736 8.68922552185886,47.0636699882872,1521.495 8.68930453437952,47.0637419602574,1524.755 8.68936237924454,47.063802737682,1527.02099999999 8.6894161853064,47.0638692806058,1529.196 8.68945741442956,47.0639345211356,1530.727 8.689486046782,47.0639970471099,1531.575 8.68952282422803,47.0640509200379,1532.633 8.68959298005921,47.0641015685419,1533.88800000001 8.68965925738184,47.0641484898882,1534.774 8.68970609634499,47.0641895056341,1535.383 8.68974164212364,47.064223870336,1535.827 8.68978625067924,47.064275930598,1536.36500000001 8.68982448851794,47.0643195859199,1536.681 8.68986368680131,47.0643513648826,1537.024 8.6899065837169,47.0643831035264,1537.587 8.68995929278362,47.0644087977844,1538.016 8.69001682591012,47.064430211268,1537.77099999999 8.6900803679413,47.0644569299153,1537.993 8.69014969560502,47.0645002552754,1538.117 8.69024278963166,47.0645487551902,1537.927 8.69035299953,47.0646141880606,1537.105 8.69046065527099,47.0646891935557,1537.698 8.6905862141926,47.0648153985778,1537.486 8.69067944254069,47.0648696092164,1537.90399999999 8.69077240387975,47.0649123796289,1538.848 8.69084330437119,47.0649649354373,1538.62300000001 8.69092808605095,47.0650154236385,1538.27800000001 8.69105226831335,47.0650826196369,1539.493 8.69128648537652,47.0652076386877,1541.96400000001 8.69145924132756,47.0653257171602,1542.196 8.69164570133459,47.0654341189431,1542.64599999999 8.69184887889977,47.0655423559638,1542.41800000001</coordinates></LineString>
  </Placemark>
  <Placemark>
	<styleUrl>#green</styleUrl>
      <LineString><coordinates>9.43361241628224,47.2574544043685,1432.60000000001 9.43362933099074,47.2574688672786,1432.605 9.43367747374088,47.2574985169392,1430.97100000001 9.43367403469934,47.2575316871435,1429.674 9.4337204394608,47.2575572640443,1428.317 9.43372563319717,47.2575859119791,1426.93399999999 9.43373673763406,47.2575930705906,1426.554 9.43373255571042,47.2576021134813,1426.102 9.43374538799085,47.2576215596888,1425.209 9.43373626243421,47.2576319928276,1424.766 9.43371060158667,47.2576260940244,1424.302 9.4336889073615,47.2576347473908,1423.708 9.43368941308865,47.2576535883073,1422.83500000001 9.43371779202986,47.2576682125642,1422.08199999999 9.43376566181663,47.2576884285838,1421.234 9.43382909129322,47.2577285743963,1419.727 9.43382319349178,47.2577500545026,1418.864 9.43383801431555,47.2577788596066,1417.96000000001 9.43385603644365,47.2578063316247,1416.886 9.43391232396545,47.2578456203653,1415.663 9.43396711167354,47.2578861497137,1414.981 9.43401302914414,47.257925905939,1414.43700000001 9.43406052811272,47.2579786270833,1414.477</coordinates></LineString>
  </Placemark>
  <Placemark>
	<styleUrl>#green</styleUrl>
      <LineString><coordinates>9.43270629826809,47.2567956881418,1447.015 9.43277819296333,47.2568346622687,1445.88800000001 9.43284341977264,47.2568783944682,1444.481 9.43290838395856,47.2569143843675,1443.67600000001 9.43297748780116,47.2569394876209,1443.217 9.43306696533674,47.2569626905446,1442.702 9.43314048381886,47.2569846221463,1442.349 9.43319827396768,47.2570114597151,1441.897 9.43324979565829,47.2570523338564,1441.22900000001 9.43326836538317,47.2570746679298,1440.946 9.43328773058839,47.257098130904,1440.606 9.4332910615287,47.2571023920095,1440.523 9.43332848619629,47.2571515089441,1439.58 9.43333208698214,47.2571548566326,1439.50900000001 9.43338259999379,47.2572016235228,1438.59299999999 9.43342956519803,47.2572425674878,1437.77099999999 9.43348561735286,47.2572833630785,1436.844 9.43354167121737,47.2573210185003,1435.857 9.43354621286796,47.2573240799658,1435.784 9.43358807075157,47.2573496456807,1435.019 9.43361578748884,47.2573596387396,1434.66099999999 9.43362491059731,47.2573629357734,1434.54399999999 9.43363156830326,47.2573709901699,1434.36 9.43363673109913,47.257377234973,1434.227 9.43364633699637,47.2573888552911,1433.967 9.43363642270736,47.2574276980612,1433.182 9.43361241628224,47.2574544043685,1432.60000000001</coordinates></LineString>
  </Placemark>
  <Placemark>
	<styleUrl>#green</styleUrl>
      <LineString><coordinates>9.44773465955817,47.2674929598516,1230.8 9.44769413598312,47.2674870892945,1230.87699999999 9.44766536337898,47.2674773518587,1231.027 9.44761454525283,47.2674589023533,1231.375 9.44749640817434,47.2674071302228,1232.291 9.44706995749577,47.2672342101739,1235.863 9.44699749094006,47.2672035322983,1236.692 9.44689926838835,47.2671624793407,1237.674</coordinates></LineString>
  </Placemark>
  <Placemark>
	<styleUrl>#green</styleUrl>
      <LineString><coordinates>9.44748832362104,47.2671866620987,1237.84299999999 9.4475445083446,47.2672546481588,1236.058 9.4476401721605,47.2673896158459,1232.917 9.44767056964531,47.2674228623492,1232.181 9.44773465955817,47.2674929598516,1230.8</coordinates></LineString>
  </Placemark>
  <Placemark>
	<styleUrl>#green</styleUrl>
      <LineString><coordinates>9.44087637569272,47.2666317547082,1250.511 9.44109360528614,47.2667446226153,1250.37699999999 9.44120216563407,47.2668327194186,1250.33 9.44132710961442,47.2669005390037,1250.001 9.44150137005732,47.2669774973809,1249.45 9.4417815816472,47.2670726059101,1248.88499999999 9.44251605751174,47.2673347968687,1246.72500000001 9.44306707609912,47.2675351772155,1245.387 9.44367254101469,47.2677512798499,1244.132 9.44438496515431,47.2680121693686,1242.501 9.44460885099966,47.2681065871269,1241.914 9.4447556980561,47.2681706927113,1241.486 9.44498014854972,47.2682800987096,1240.545 9.44501453090032,47.2682973599832,1240.299</coordinates></LineString>
  </Placemark>
  <Placemark>
	<styleUrl>#green</styleUrl>
      <LineString><coordinates>9.45007982409277,47.2696476264471,1215.344 9.45003332061488,47.2696097490792,1215.42600000001</coordinates></LineString>
  </Placemark>
  <Placemark>
	<styleUrl>#green</styleUrl>
      <LineString><coordinates>9.45726130778888,47.2741011951559,1277.09 9.45729168412907,47.2740720960181,1277.17 9.45729923676179,47.2740498298967,1277.14 9.45730901032012,47.2740163769831,1277.2 9.45731298757303,47.2739974485783,1277.287 9.4573190105778,47.2739623518423,1277.36900000001 9.45734678630484,47.2739197210368,1277.34600000001 9.45739395878088,47.2738631912071,1277.632 9.45744664523869,47.2738154362781,1277.68700000001 9.45745842976071,47.2738047477502,1277.697</coordinates></LineString>
  </Placemark>
  <Placemark>
	<styleUrl>#green</styleUrl>
      <LineString><coordinates>9.1452509295269,47.2074987222657,1497.037 9.14523185280149,47.2074826129393,1497.16899999999 9.14521758765046,47.2074733058268,1497.19899999999 9.14519808339688,47.2074640673919,1497.223 9.14517761922319,47.2074524680305,1497.247 9.14516242630791,47.2074413933,1497.321 9.14514795792907,47.2074261333106,1497.629 9.14513624848669,47.2074149979347,1497.58199999999 9.14511863254576,47.2074099060062,1497.46799999999 9.14509130169488,47.2074019801614,1497.182 9.14505511537707,47.2073900200746,1496.89999999999 9.14502063276712,47.2073768381453,1496.731 9.14499395843657,47.207361768083,1496.652 9.144967321726,47.2073478760378,1496.55899999999 9.14494769069064,47.2073350767084,1496.588 9.14492708796498,47.2073187200506,1496.599 9.1449127086642,47.2073058338673,1496.72 9.14490517742647,47.2072886896473,1496.789 9.14489852287714,47.2072721262198,1496.921 9.14488849280433,47.2072585907699,1496.92 9.14487930124245,47.207244440104,1496.947 9.1448726409577,47.2072272829712,1496.495 9.14488181102224,47.2072134629067,1496.20299999999 9.14488733201873,47.2071949286299,1495.791 9.14488759556067,47.2071758874953,1495.564 9.14488267685974,47.2071586955496,1495.36599999999 9.14488624730317,47.2071336495132,1494.977 9.14489658942168,47.2071019534252,1494.757 9.14489573516767,47.2070751916121,1494.567 9.1449018233785,47.2070471303111,1494.60000000001 9.14490094989052,47.2070197659971,1494.758 9.14489224407165,47.2069931205728,1495.14 9.14487550242743,47.2069612321748,1495.62300000001 9.14485448222492,47.2069317913493,1496.038 9.1448291128654,47.2069029997805,1496.45600000001 9.14481460109086,47.2068859590275,1496.762 9.14480347802953,47.2068658901012,1497.011 9.1447780711283,47.2068359204971,1497.769 9.14476180433841,47.2068189057518,1498.072 9.14474914812212,47.2068054002195,1498.285 9.14473995121469,47.2067906648297,1498.447 9.14472784332901,47.2067670387642,1498.85799999999 9.14471855689192,47.2067499115509,1499.226 9.14470032040777,47.2067257825332,1499.93399999999 9.14469030943046,47.2067128405722,1500.48299999999 9.14466961805772,47.2066941100291,1501.103 9.14465701900833,47.2066823940029,1500.844 9.14463823424087,47.2066683855056,1500.85799999999 9.14461884460678,47.2066627260041,1500.868 9.14459160892027,47.2066577675794,1501.034 9.14457208641817,47.2066479445209,1501.202 9.14454616928131,47.2066292824105,1501.24099999999 9.14452638105179,47.2066111322459,1501.07000000001 9.14451022805464,47.2065976785127,1500.977 9.14449223851676,47.2065812830514,1500.981 9.14446966651866,47.2065578120409,1501.056 9.14445256686921,47.2065419971741,1501.098 9.14442757785391,47.2065251116463,1501.167 9.14440064413328,47.2065023080481,1501.35000000001 9.14438306414979,47.2064710257937,1501.71400000001 9.14436320573451,47.2064510862789,1501.90300000001 9.14433715590822,47.206428260571,1502.13800000001 9.14431748174191,47.206413680411,1502.21799999999 9.14429438617553,47.2064015171068,1502.24000000001 9.14426848848003,47.2063834574333,1502.33 9.14425131290805,47.2063652595107,1502.38499999999 9.1442340426601,47.2063440940446,1502.444 9.14420797400385,47.2063206747985,1502.599 9.14419520442302,47.2063036081544,1502.777 9.14417869122731,47.2062788597328,1503.004 9.1441606772208,47.2062612770064,1503.342 9.14414800235197,47.2062471778978,1503.62699999999 9.14412655404987,47.2062320212088,1503.787 9.14409742530573,47.20622234041,1503.758 9.14408662513501,47.2062123790358,1504.007 9.14406702685909,47.2062001728651,1503.925 9.14403868729231,47.206187502418,1503.967 9.14401124332993,47.2061760062722,1503.992 9.14399421996437,47.2061625743612,1504.201 9.14397278493557,47.2061474174477,1504.602 9.1439574652652,47.2061327637153,1505.056 9.14393854833513,47.206114600544,1506.065 9.14391278343611,47.206100695347,1506.216 9.143885939079,47.2060802654634,1506.077 9.14387305577106,47.2060596287403,1506.303 9.14386195216862,47.206040153227,1506.548 9.14384398195036,47.2060243511702,1506.63 9.14381394459104,47.2060134961851,1506.622 9.14377694538235,47.2060033291192,1506.48 9.14373090717586,47.2059837773307,1506.323 9.14370680849455,47.2059674722506,1506.364 9.1436737218912,47.2059429692713,1506.32000000001 9.14365756931067,47.205929515416,1506.22 9.14363702460092,47.2059149480389,1506.258 9.14361472459526,47.2059003976624,1506.223 9.14359247594475,47.2058870430954,1506.22199999999 9.14357000530615,47.2058671421424,1506.178 9.14355379598525,47.2058519077472,1506.196 9.14353744814552,47.2058319160947,1506.413 9.1435193831594,47.2058131374519,1506.628 9.14351004077432,47.2057942386044,1507.007 9.14349363589447,47.2057724574277,1507.139 9.14348173758273,47.2057553778022,1507.281 9.14347852342636,47.2057369729739,1507.781 9.14347239339573,47.2057091017175,1508.72900000001 9.14345398116515,47.2056790192312,1509.451 9.14343486151356,47.2056549031012,1509.95299999999 9.14341236637057,47.205633814904,1510.522 9.14338807809192,47.2056115566863,1511.204 9.14337255024405,47.2055903652887,1511.974 9.14335448539758,47.2055715866189,1512.13400000001 9.14333036235811,47.205554094246,1512.098 9.14330435728219,47.2055330580122,1512.348 9.14328008802092,47.2055113932796,1512.59600000001 9.14325029023763,47.2054803008017,1513.319 9.14322675915852,47.2054544596077,1514.13800000001 9.14320243318721,47.2054310143329,1515.12699999999 9.14317717955645,47.2054058014247,1516.379 9.14316004280759,47.2053887993442,1517.205 9.14312894521785,47.2053720040056,1517.82000000001 9.1430961304942,47.2053564216646,1517.66099999999 9.14306137843944,47.2053343183331,1517.632 9.14303557629708,47.2053192259198,1517.833 9.143007053648,47.2053012048417,1517.98299999999 9.14299595051876,47.2052817292411,1518.34299999999 9.14298446807209,47.2052503564907,1519.261 9.14297209581446,47.2052184031262,1519.961 9.14296183896565,47.2051977274134,1520.647 9.14294727720853,47.2051794995957,1520.715 9.14293965200066,47.2051593787023,1520.588 9.14294324214403,47.2051349262219,1520.73699999999 9.14295823713829,47.2051120862319,1521.33900000001 9.14298210626635,47.2050938831389,1521.238 9.14299458916684,47.2050746520711,1521.238 9.14300434582187,47.2050518986387,1521.421 9.14301232826644,47.2050285686921,1521.601 9.14302563846327,47.2050075440032,1522.143 9.14304143431727,47.204982910775,1522.63499999999 9.1430458952993,47.2049584453939,1522.815 9.14303852727178,47.2049273446012,1523.04700000001</coordinates></LineString>
  </Placemark>
  <Placemark>
	<styleUrl>#green</styleUrl>
      <LineString><coordinates>9.91962541016219,46.7870482634079,1937.655 9.91957854444096,46.7870468968816,1937.852 9.9195036947703,46.7870401985016,1938.167 9.91945334252379,46.7870319777585,1938.39999999999</coordinates></LineString>
  </Placemark>
  <Placemark>
	<styleUrl>#green</styleUrl>
      <LineString><coordinates>9.94521136364718,46.7519820955323,2381.147 9.94514842073053,46.7520052134823,2380.952 9.94505449998888,46.7520368509812,2380.626</coordinates></LineString>
  </Placemark>
  <Placemark>
	<styleUrl>#green</styleUrl>
      <LineString><coordinates>9.92885711982955,46.7794905976852,2032.674 9.92882913127102,46.7794610134285,2032.605 9.92879807962026,46.7794640758095,2032.505 9.92876896188847,46.7794718479683,2032.49000000001 9.92873456479344,46.7794773592987,2032.62 9.92867024527171,46.7794831543464,2033.092 9.92857926739319,46.7794946608313,2033.387 9.92846691052751,46.779523778468,2034.178 9.9283272118887,46.7795611152969,2033.675 9.9282283631268,46.779582324113,2033.06200000001 9.92812362625862,46.7795960382993,2032.88 9.92805264673656,46.7796204461357,2032.84699999999 9.92799768593787,46.7796311666709,2032.518 9.92795327012078,46.7796302362868,2032.216 9.92786436308875,46.7796264601221,2032.04300000001 9.92780385304633,46.7796373015735,2032.231 9.9277630908784,46.7796553353312,2032.14200000001 9.92774295563285,46.779699586136,2032.95 9.92772202938617,46.7797267182856,2033.342 9.92763495561957,46.7797629067263,2034.296 9.92755066943251,46.7797990343178,2034.745 9.92747388948271,46.7798178532882,2034.648 9.9273666411115,46.7798373364895,2034.351 9.92725956835493,46.7798606227363,2033.844 9.92714998462695,46.7798896785854,2033.057 9.92707348122249,46.7799142062163,2032.683 9.926972472179,46.7799487989293,2032.435 9.92688479518332,46.7799716620114,2032.292 9.92676403801431,46.7799990620498,2032.027 9.92667349819398,46.7800200793785,2031.79700000001 9.92653300601592,46.7800402863607,2031.626 9.92639027950686,46.7800719717874,2031.295 9.92628587979519,46.7800932998583,2030.781 9.9261618332481,46.7801093410063,2029.845 9.92609320022699,46.780124165518,2029.32000000001 9.92599746271689,46.7801529275116,2028.29700000001 9.92591748055963,46.7801622842518,2027.57000000001 9.92585992016338,46.7801768763539,2026.965 9.92576186641671,46.7802125105669,2025.935 9.9256780296981,46.7802533069062,2024.882 9.92561470210896,46.7802962213393,2024.338 9.9255198542853,46.7803411454248,2023.217 9.92537157814438,46.7803976642779,2021.912 9.92528677616768,46.7804246574405,2020.875 9.92519823783632,46.7804589768763,2019.63 9.92514755646562,46.7804724647684,2019.10799999999 9.92512588161727,46.7804834128252,2018.815 9.92510451427024,46.7805010231324,2018.296 9.92507045455038,46.7805141489328,2017.997 9.92501020646015,46.780530698122,2017.66099999999 9.92496653648563,46.7805459412001,2017.306 9.9248834586689,46.7805782244611,2016.416 9.92483584614929,46.7805983143225,2016.052 9.92478409778917,46.7806184942389,2015.56 9.92475320759059,46.7806401188492,2015.046 9.92471248762571,46.7806591045506,2014.5 9.92466699073221,46.7806648563668,2013.825 9.92463522249655,46.7806674562044,2013.232 9.92460665480319,46.7806795082631,2012.507 9.92454208198317,46.7806923444082,2011.488 9.92449600117425,46.7807152537453,2010.905 9.92442913654827,46.7807386156555,2010.223 9.92437421786497,46.7807502874802,2009.811 9.92433663680134,46.7807472988535,2009.573 9.92429880497836,46.7807385917172,2009.344 9.92426283071556,46.7807403290429,2008.974 9.92424128750245,46.7807541360375,2008.53200000001 9.92417651237465,46.7807926891845,2007.37699999999 9.92406666831924,46.7808579183888,2005.45699999999 9.92399774378411,46.7808860498524,2005.034</coordinates></LineString>
  </Placemark>
  <Placemark>
	<styleUrl>#green</styleUrl>
      <LineString><coordinates>9.92399774378411,46.7808860498524,2005.034 9.92391957355539,46.7809122765824,2004.217</coordinates></LineString>
  </Placemark>
  <Placemark>
	<styleUrl>#darkgreen</styleUrl>
      <LineString><coordinates>9.12656157985368,47.1794109127115,1690.22100000001 9.12653798293132,47.179391978743,1689.505 9.12652628269224,47.1793753803382,1688.584 9.12653145301966,47.1793623490637,1687.829 9.12655936380633,47.1793611838284,1687.36599999999 9.12661182157447,47.1793588846989,1686.549 9.12665636223643,47.1793536607875,1685.594 9.12671312308163,47.1793459723572,1684.181 9.12674637216449,47.179337099444,1683.49099999999 9.12676502789086,47.1793261554698,1682.932 9.12676024425457,47.179316320167,1682.62300000001 9.12673209336443,47.1793098776666,1682.272 9.12669620660572,47.1793058338613,1681.702 9.12666033050511,47.179302545621,1681.37 9.1266377956698,47.1792967764269,1680.90700000001 9.12662860238239,47.1792885352792,1680.611 9.12664285909234,47.1792799410613,1680.197 9.12667187743684,47.1792787505502,1679.89200000001 9.1267053430534,47.1792767390433,1679.462 9.12672985549897,47.1792740941714,1679.103 9.12678556727152,47.1792687062892,1678.14 9.12683700009198,47.1792694720168,1677.149 9.126876081732,47.1792681337808,1676.245 9.12690752149308,47.1792730075194,1676.077 9.12697141493135,47.1792789254401,1675.28200000001 9.12700500090559,47.1792807267306,1674.795 9.12707510257336,47.1792705481418,1673.611 9.1271275122497,47.1792667290189,1673.05100000001 9.12715739827142,47.1792579143412,1672.503 9.12719164791912,47.1792452119605,1671.73299999999 9.12723169346788,47.179239298068,1671.83900000001 9.12726509982503,47.1792349930784,1671.51300000001 9.12732073938174,47.1792273208032,1670.931 9.12736306156676,47.1792228849123,1670.52 9.12742419701906,47.1792120819904,1669.92999999999 9.12747646235754,47.1792036944414,1669.39999999999 9.1275275344754,47.1791930391931,1668.893 9.12757293131085,47.1791794173176,1668.37 9.12762158188161,47.1791626977329,1667.995 9.12766243542782,47.17914685733,1667.87 9.12770290412252,47.1791188318704,1667.799 9.1277421071408,47.179086245597,1667.73699999999 9.12777128446317,47.1790545802394,1667.66899999999 9.12779491730274,47.1790245077485,1667.61900000001 9.12781622516484,47.1789914284641,1667.788 9.12783456783817,47.1789705834066,1667.966 9.12785293463968,47.1789505027213,1668.11 9.12785455134382,47.1789306679816,1668.249 9.12785574585461,47.1788978840179,1668.198 9.12786714787888,47.1788695205579,1668.114 9.12788857578135,47.1788402451503,1668.121 9.12791129316146,47.1788162859191,1668.39 9.1279376842152,47.1788029429693,1668.478 9.12794849456995,47.1787913582644,1668.26300000001 9.12794680923066,47.1787730924727,1667.702 9.1279296611313,47.1787611535836,1667.372 9.12790817530648,47.1787530840423,1667.257 9.12787882041173,47.1787436095809,1666.86500000001 9.12785846661963,47.1787362881381,1666.602 9.12784475388748,47.1787265839862,1666.101 9.12784545276361,47.1787136183007,1665.56 9.12786199925346,47.1787065107667,1665.088 9.12789786183903,47.1787097988261,1664.795 9.12793142305932,47.1787108264784,1664.53999999999 9.12796605734093,47.1787103179006,1664.158 9.12799605211207,47.1787045423263,1663.31299999999 9.12805200376384,47.1787067706055,1662.083 9.12808675848631,47.1787100748754,1661.158 9.12811584864378,47.1787111681332,1660.583 9.12814385507409,47.1787130420291,1660.235 9.12817180030753,47.178713396354,1659.802 9.12820325304944,47.1787182695453,1659.442 9.12822329409798,47.1787156900188,1658.898 9.12824215259568,47.1787115983968,1658.38800000001 9.12827695534589,47.1787164223672,1657.72 9.12831503594267,47.178718912991,1656.374 9.12834752441168,47.1787214857378,1655.77800000001 9.12837997777287,47.1787225295313,1654.895 9.12839423405038,47.1787139350951,1654.36 9.1283971027539,47.1786986523404,1653.607 9.12841820364334,47.1786945367494,1652.895 9.12845510418763,47.1786947594665,1652.48699999999 9.12849309913358,47.1786949570993,1651.769 9.12854143556826,47.1787033968464,1651.31 9.12857856332143,47.1787112274994,1650.895 9.12860983440583,47.178710768132,1650.57000000001 9.12863876954033,47.1787065374153,1650.21000000001 9.12867101732881,47.1787014932965,1649.772 9.12869890328515,47.1786995541738,1649.50900000001 9.12872694485059,47.1787029568721,1649.258 9.12875605917257,47.1787048143432,1649.01700000001 9.12878935582923,47.1786974695885,1648.83500000001 9.12882262832043,47.1786893604489,1648.728 9.12884818898521,47.1786844055292,1648.372 9.12887383308423,47.1786825082983,1647.605 9.12889930864838,47.1786752784207,1647.31 9.12890533451318,47.1786538494172,1647.299 9.12890441965753,47.1786249020796,1647.417 9.12891372360573,47.178601148715,1647.808 9.12891727980047,47.1785721356855,1648.18399999999 9.12892643907189,47.1785438050611,1648.337 9.12893908173308,47.1785192289115,1648.17 9.12895749628093,47.1785006767981,1648.141 9.12895445950427,47.1784755662941,1648.121 9.12893895172029,47.1784445571722,1648.189 9.12891980464899,47.1784044427512,1648.402 9.12890211601179,47.1783749861307,1648.52899999999 9.12889342846256,47.1783476824525,1648.751 9.12887369014984,47.1783243467934,1649.23299999999 9.12887199132031,47.1783060812071,1649.493 9.12887921067987,47.1782869288577,1650.254 9.12888538088244,47.1782700681193,1650.62 9.12887795878541,47.1782473162344,1650.637</coordinates></LineString>
  </Placemark>
  <Placemark>
	<styleUrl>#green</styleUrl>
      <LineString><coordinates>9.44168750646835,47.2655460768032,1240.63499999999 9.44173819004163,47.2654772018379,1241.69899999999 9.44177942112715,47.2654868410888,1242.155 9.44181944725193,47.2654911387874,1242.683 9.44186030300563,47.2654897176565,1243.86500000001 9.4418908977853,47.265494179308,1243.99800000001 9.44192056580163,47.2654993048824,1244.068 9.44203607329247,47.2655045124586,1246.692 9.44207284904058,47.2655060233889,1247.605 9.44211274158163,47.2655067603135,1248.63099999999 9.44215082112667,47.2655120184847,1249.33500000001 9.44217691645176,47.2655085865494,1249.917 9.4421948847193,47.2654981609445,1250.47199999999 9.44218399473974,47.2654876343352,1250.53 9.44217327454517,47.2654812795956,1250.59699999999 9.44215879472214,47.2654684310807,1250.774</coordinates></LineString>
  </Placemark>
  <Placemark>
	<styleUrl>#green</styleUrl>
      <LineString><coordinates>9.44689926838835,47.2671624793407,1237.674 9.44676895055394,47.2671080306013,1238.51700000001 9.44649558676692,47.2669994894581,1240.118 9.44628435891611,47.2669165065281,1240.946 9.44605320671944,47.2668238921576,1241.52899999999 9.44588132108849,47.2667452256558,1241.76300000001 9.44570944951153,47.2666665676572,1242.23 9.44555043637963,47.2666043487547,1242.295 9.44543344492276,47.2665530584679,1242.001 9.44536460763917,47.2665193652097,1241.821 9.44524796371375,47.2664516393066,1241.554 9.44513827100426,47.2663989889628,1241.75 9.44504391725144,47.2663545830144,1241.906 9.44493961549561,47.2663120687322,1242.272 9.44483541521036,47.2662729536346,1242.76700000001 9.44470852798248,47.2662291318845,1243.42 9.44459697958786,47.2661935545545,1244.22 9.4445300409867,47.2661709666216,1244.57799999999 9.44425667321162,47.2660536208457,1245.54700000001 9.44420447951511,47.2660312079392,1245.719 9.44398072805548,47.2659401162283,1246.391 9.44370479370999,47.2658282753099,1247.254 9.44340120273508,47.2656969136028,1248.038 9.44311153818745,47.2655453074678,1248.71400000001 9.44287907078749,47.2654177006343,1249.463 9.44270865150324,47.2653123535279,1249.73 9.44254944504277,47.2652451313628,1250.075 9.44244945966996,47.2652153791946,1250.34600000001 9.4424330847991,47.2652104994355,1250.402 9.44225155388282,47.2652003221573,1250.961 9.44213530296645,47.2651995904773,1251.488</coordinates></LineString>
  </Placemark>
  <Placemark>
	<styleUrl>#green</styleUrl>
      <LineString><coordinates>9.4414237437879,47.2660798386486,1250.734 9.4414193028086,47.2662598920273,1250.626 9.44144613248677,47.2663073821178,1250.424 9.44143101651719,47.2663519213688,1249.82799999999 9.44137743819001,47.2664120199707,1249.603 9.44137110004868,47.2664886535265,1249.674 9.44131758883093,47.2665167199765,1249.74800000001 9.44125296026883,47.26652784847,1249.946 9.44115827062157,47.2665209196435,1250.073 9.44105260315874,47.2665338949547,1250.342 9.44094707458307,47.266573482233,1250.742 9.44087637569272,47.2666317547082,1250.511</coordinates></LineString>
  </Placemark>
  <Placemark>
	<styleUrl>#darkgreen</styleUrl>
      <LineString><coordinates>8.54695668094694,46.5320456391595,2114.678 8.5471416744684,46.5320273630379,2114.485</coordinates></LineString>
  </Placemark>
  <Placemark>
	<styleUrl>#green</styleUrl>
      <LineString><coordinates>9.44166488737322,47.2656182067959,1240.549 9.44155997640412,47.2656470679714,1241.145 9.44152044969237,47.2656744055704,1241.879 9.44152153558349,47.2657410488823,1243.412 9.44146716922077,47.2657829413895,1244.22900000001 9.4413949930368,47.2658356164908,1244.44500000001 9.44134916638325,47.2658821201537,1245.515 9.44134637649496,47.2659564426793,1247.322 9.44137276859518,47.2660264520375,1248.829 9.4414237437879,47.2660798386486,1250.734</coordinates></LineString>
  </Placemark>
  <Placemark>
	<styleUrl>#green</styleUrl>
      <LineString><coordinates>9.15243295175374,47.2181349359128,1229.08 9.15245685399509,47.2180872119829,1230.269 9.15246965585154,47.2180589963986,1231.273 9.15248615147279,47.2180389039099,1232.053 9.1525197038844,47.2180162183307,1233.431 9.15258411247778,47.2179942429576,1234.689 9.15266547880444,47.2179661761598,1236.412 9.15273678803541,47.2179452675443,1237.61 9.15277730254318,47.2179259779823,1238.62699999999 9.1528090442195,47.217896247795,1239.871 9.15284602116473,47.2178498315634,1241.19</coordinates></LineString>
  </Placemark>
  <Placemark>
	<styleUrl>#green</styleUrl>
      <LineString><coordinates>9.45750738209626,47.2721972174088,1214.356 9.45745834566272,47.272204419757,1214.105 9.45741203464505,47.272201893036,1213.265 9.45739108314316,47.2722029798901,1212.99000000001 9.45735691598053,47.2722150052792,1212.621 9.45732986486241,47.2722211925878,1212.198 9.45730059144321,47.2722238468172,1211.924 9.45725845817144,47.272219582311,1211.463 9.45721822350018,47.2722102909232,1210.891 9.4571925442373,47.2721971725451,1210.098 9.45717942764845,47.2721831142983,1209.622 9.45716109359344,47.2721698672448,1209.15300000001 9.45713347569347,47.272161065619,1208.87 9.45704490082474,47.2721497687298,1208.556 9.45698473043249,47.2721401066587,1208.338 9.45695835846158,47.2721362857728,1208.209 9.45693055159092,47.2721224848046,1207.89599999999 9.45685536725773,47.2721045200275,1208.249 9.45682334576761,47.2720900820494,1208.481 9.45676464239268,47.2720639737524,1208.537 9.45674095571974,47.2720479591769,1208.58500000001 9.45670213337474,47.2720200720586,1208.571 9.45666703585439,47.2720078383096,1208.622 9.45663429442604,47.2720019784988,1208.811</coordinates></LineString>
  </Placemark>
  <Placemark>
	<styleUrl>#green</styleUrl>
      <LineString><coordinates>9.44256734961302,47.2637276130725,1305.36199999999 9.44252696085394,47.2637625689198,1304.361 9.44247903593943,47.263790070958,1303.391 9.44241410407466,47.2638211978221,1302.07399999999 9.44235413468058,47.2638538938784,1300.74800000001 9.44233593551159,47.263872943113,1300.201 9.44232822829068,47.2638810039194,1300.06200000001 9.44233901621573,47.2639074847999,1299.514 9.4423694284638,47.2639352799199,1298.822 9.44242870410524,47.2639492477954,1298.031 9.44252982436028,47.2639691549768,1296.662 9.44267604567159,47.2640166106165,1294.652 9.44270397466101,47.2640254281968,1294.215</coordinates></LineString>
  </Placemark>
  <Placemark>
	<styleUrl>#green</styleUrl>
      <LineString><coordinates>9.44270397466101,47.2640254281968,1294.215 9.44293120513638,47.2640971531684,1290.66499999999 9.44307019439856,47.264148054195,1289.228 9.44322695460414,47.2642153181774,1287.7 9.4433546513167,47.2642914193141,1285.558 9.44357012114329,47.2644226500141,1282.337 9.44370157550216,47.2644903807245,1281.07000000001 9.44381724744388,47.2645499913245,1279.245 9.44404466778244,47.2646780440154,1275.20600000001 9.44430241734522,47.2648231673607,1271.815 9.44441545503154,47.2648995225426,1270.364 9.44464401113451,47.2650538539265,1268.984 9.44474268771848,47.2651387994931,1268.8 9.44501548281807,47.2653623422219,1269.67 9.44526023312299,47.2655563751897,1268.83 9.44538423789149,47.2656642005587,1268.50999999999 9.44550097490526,47.2657738259197,1267.97199999999 9.44559749638176,47.2658671219863,1266.413 9.44567025884955,47.2659141799514,1265.322 9.44577307461195,47.2659790511873,1263.815 9.44594594579309,47.2660843511666,1262.514 9.44614202776661,47.2662209175913,1262.075 9.44619059482218,47.2662614507551,1262.04300000001 9.44626022934351,47.2663205564937,1261.542 9.44635442775103,47.2664005221848,1259.683 9.44644067607077,47.2664806713276,1257.70699999999 9.44652183626483,47.2665559154798,1256.19899999999 9.4465954906239,47.2666262877884,1255.476 9.44667628838328,47.266691532962,1254.962 9.44674396416555,47.2667336763291,1254.16499999999 9.44685373829324,47.2667884291684,1251.995 9.44701602465686,47.26687224617,1248.713 9.44714631526218,47.2669516271039,1245.704 9.44727364824783,47.267017734196,1243.099 9.44738669483104,47.2670940864156,1240.678 9.44747526440513,47.2671708652806,1238.28200000001 9.44748832362104,47.2671866620987,1237.84299999999</coordinates></LineString>
  </Placemark>
  <Placemark>
	<styleUrl>#green</styleUrl>
      <LineString><coordinates>9.47873550049061,47.2911785664304,1278.989 9.4787441598772,47.2912584010058,1278.70699999999 9.47874558361258,47.2913326502214,1278.78 9.47874563294682,47.2914069237597,1278.92600000001 9.47873729046962,47.2914813458159,1279.156 9.47872647924578,47.2915282072147,1279.337 9.47870487428923,47.2915857237357,1279.643 9.47867887490528,47.2916376046058,1280.01700000001 9.4786444104071,47.2916877188092,1280.439 9.47860136764102,47.2917355284901,1280.81 9.47850676809443,47.2918301827713,1281.54300000001 9.47844863580983,47.2919111992726,1282.033 9.47841916787491,47.291973371611,1282.273 9.47841238568587,47.2920208184904,1282.37 9.47840954232754,47.2920561030265,1282.31600000001 9.47841405367023,47.2921007767786,1282.18799999999 9.47843426200358,47.292153738392,1282.05499999999 9.47846314377803,47.2922132226687,1281.951 9.47849649290101,47.2922802487703,1281.795 9.47851054209107,47.2923180775908,1281.652 9.47851761090401,47.292357001664,1281.503 9.47851462219801,47.2923884828287,1281.36900000001 9.4784947995736,47.292419299149,1281.24800000001 9.47847488118037,47.2924472649516,1281.16800000001 9.47842319618729,47.2924862749555,1281.095 9.47835500472564,47.2925331888948,1280.916 9.47831693781718,47.2925624295282,1280.79300000001 9.47827501867856,47.2926012576648,1280.57399999999 9.47823223438714,47.2926534353889,1280.235 9.47819127414178,47.2927170076482,1279.685 9.47816774605411,47.2927643728856,1279.272 9.47816024947383,47.292791408047,1279.054</coordinates></LineString>
  </Placemark>
  <Placemark>
	<styleUrl>#green</styleUrl>
      <LineString><coordinates>9.94532625980041,46.7519377569889,2381.44500000001 9.94529357922884,46.7519518940788,2381.35400000001 9.94521136364718,46.7519820955323,2381.147</coordinates></LineString>
  </Placemark>
  <Placemark>
	<styleUrl>#green</styleUrl>
      <LineString><coordinates>9.91962541016219,46.7870482634079,1937.655 9.91962333557665,46.7870151708282,1937.60000000001 9.91963728629714,46.7870020067888,1937.818 9.91970948597443,46.7869890078706,1937.899 9.91977942032869,46.786971774181,1937.681 9.9198320601218,46.7869406244602,1937.518 9.91987703603758,46.7868782135937,1938.035 9.91993142805986,46.7868398798125,1938.04700000001 9.91998855896881,46.7868157783319,1938.023 9.92006652874475,46.7867926548683,1938 9.92007836847258,46.7867871415787,1937.977 9.92017067334321,46.7867503865923,1937.875 9.9202325453533,46.7867390428038,1938.033 9.9202598909845,46.7867455943214,1938.13400000001 9.9203195862234,46.7867771553803,1938.86 9.9203773974834,46.7868130413214,1939.348 9.9204447705063,46.7868758721087,1940.242 9.92049480972767,46.7869233658354,1940.43799999999 9.92057211544862,46.7869759727224,1940.478 9.9206776750596,46.7870551180409,1940.053 9.92074446976645,46.7871051003614,1940.105 9.92081494059132,46.7871450038168,1940.353 9.9208826853905,46.7871706746393,1940.14 9.92095841315934,46.7871890259181,1939.798 9.92104317678209,46.7872229035231,1940.29300000001 9.92110482290083,46.7872515687988,1941.03200000001 9.9211717365193,46.7873044012692,1941.38099999999 9.92123358005402,46.787337346145,1941.891 9.92128147325368,46.7873834552283,1942.442 9.9213168920862,46.7874298355626,1943.246 9.92133400036061,46.7874851819925,1943.894 9.92134454934252,46.7875335341287,1945.05899999999 9.92135391392546,46.7875561902655,1945.54700000001 9.92137716306389,46.7875642525971,1946.038 9.9214040488211,46.7875608149479,1946.318 9.92142611393137,46.7875431902629,1946.599 9.92147104670828,46.7875250682629,1947.409 9.92150583633215,46.7875128817814,1947.766 9.92156458763363,46.7874787363693,1948.594 9.92164125484349,46.7874270654357,1950.145 9.92170220593478,46.7873957340786,1951.486 9.92175102471538,46.787371812498,1952.325 9.92178232297275,46.7873739937321,1952.789 9.92179122720977,46.7873866609429,1953.02099999999 9.92178541550031,46.7874410748422,1953.95 9.92177142364244,46.7874985286329,1954.649 9.92174418077068,46.787539125789,1955.383 9.92168843174836,46.7875932038089,1956.224 9.92165312689981,46.7876396912284,1957.124 9.92164425999078,46.7876727427645,1957.583 9.92164564183822,46.787702718428,1957.943 9.92164272934951,46.7877299255153,1958.276 9.92160737156165,46.7877749830819,1958.99099999999 9.92157628262586,46.7878458495507,1959.734 9.92153095635691,46.787959190239,1961.825 9.92152736561716,46.7880103428435,1962.67600000001 9.92153622850145,46.7880644645787,1963.636 9.92155272261387,46.7881385981583,1965.087 9.92157742768024,46.7881933023469,1966.28 9.92159197884483,46.7882082317411,1966.591</coordinates></LineString>
  </Placemark>
  <Placemark>
	<styleUrl>#green</styleUrl>
      <LineString><coordinates>9.44215879472214,47.2654684310807,1250.774 9.44215158141893,47.2653459570747,1250.988 9.44213530296645,47.2651995904773,1251.488</coordinates></LineString>
  </Placemark>
  <Placemark>
	<styleUrl>#green</styleUrl>
      <LineString><coordinates>9.45778454298211,47.2722077108882,1211.17200000001 9.45780883311607,47.2722200976889,1211.092 9.45781364164334,47.2722364338537,1212.102 9.45782991578917,47.2722504367016,1212.72900000001 9.45788503054871,47.2722651805365,1212.70600000001 9.45799062669139,47.2722826117077,1212.11 9.45807279294239,47.2722911769806,1211.588 9.45814850861994,47.2722955634421,1211.463 9.45820987097412,47.2723087670286,1211.495 9.45827959533964,47.2723211132215,1211.791 9.45831987116041,47.2723318341233,1212.326 9.45833205227744,47.2723487608474,1213.37699999999 9.45837750149177,47.272385105891,1215.213 9.45846008217695,47.2724322178885,1218.09 9.45851786499344,47.272461913482,1220.005 9.45856908970084,47.2724845889939,1220.31299999999 9.45863018221354,47.2724906530811,1219.061 9.45870438233132,47.2724829281304,1215.117 9.45874823806336,47.272477156703,1213.512 9.45878026400471,47.2724637468336,1212 9.45880276286069,47.2724483535769,1211.327 9.45888084953869,47.2724598420061,1210.539 9.45893374239149,47.2724710522963,1210.505 9.45899503816066,47.272482835034,1210.45 9.45901013358824,47.2724932773843,1210.68399999999 9.45907148351223,47.2725064897343,1210.63800000001 9.4591338222035,47.2725175343134,1210.55499999999 9.45920440181655,47.2725248713483,1210.37699999999 9.45927842242831,47.2725399938173,1210.40399999999 9.459344108652,47.2725567019911,1210.52 9.45946542676482,47.272573856126,1210.558 9.45954577633054,47.272589587234,1210.622 9.45965236318708,47.2726055689245,1210.389 9.45971173400137,47.2726216678558,1210.35000000001 9.45974482714521,47.2726367970542,1210.63099999999 9.45977796075473,47.2726526453335,1210.798 9.45982528515359,47.2726553872721,1210.55100000001 9.45989487517891,47.2726641628507,1210.175 9.45996682288824,47.2726800410437,1210.174 9.46004030356675,47.2726808934723,1209.902 9.46008857693519,47.2726807664498,1209.609 9.4601268880425,47.2726950932025,1210.101 9.46019206087808,47.2726982326815,1210.06 9.46025968567991,47.2727106145251,1210.304 9.46030298440046,47.2727177097042,1210.326 9.46034175787105,47.2727163186424,1209.976 9.46040013233547,47.2727134319873,1209.54700000001</coordinates></LineString>
  </Placemark>
  <Placemark>
	<styleUrl>#green</styleUrl>
      <LineString><coordinates>9.45778454298211,47.2722077108882,1211.17200000001 9.45773658825378,47.2722110074843,1211.921 9.45766086766327,47.2722134769298,1213.91099999999 9.45756967774994,47.2722081915973,1214.69500000001 9.45750738209626,47.2721972174088,1214.356</coordinates></LineString>
  </Placemark>
  <Placemark>
	<styleUrl>#green</styleUrl>
      <LineString><coordinates>9.15101788414905,47.2166484087782,1281.246 9.15101569301384,47.2166467859598,1281.289 9.15096078819664,47.2165915525936,1283.03999999999 9.15091412612326,47.2165256973478,1285.219 9.15086212959184,47.2164540735074,1287.223 9.15083553105583,47.2163727332383,1289.523 9.15081494013852,47.2163181680384,1291.136 9.15078235183511,47.2162637722673,1292.40399999999 9.15077320800517,47.2161926806443,1294.069 9.15077689728001,47.2161470930049,1295.056 9.1507945717616,47.2161106270462,1296.18399999999 9.15084454440553,47.2160655116328,1297.254 9.15089521452333,47.2160425809129,1298.467 9.15095997112399,47.2160311094918,1299.307 9.15113084479049,47.2160157203825,1301.891 9.15129994116578,47.2159980272886,1304.307 9.15135601966515,47.2159831759951,1305.14 9.1514303335264,47.2159493760214,1306.228 9.15149788561912,47.2159180157711,1307.05499999999 9.15153969030904,47.2158858689945,1308.23699999999 9.1515709276798,47.2158445407617,1309.41099999999 9.15160547089169,47.2157996545792,1310.224 9.15165897297612,47.2157579860312,1311.42600000001 9.15168949938597,47.2156944822406,1312.993 9.15173109244145,47.2156553300326,1314.156 9.15175245989736,47.2156269960413,1315.026 9.15178589868728,47.2156008035838,1316.19899999999 9.15184777913656,47.2155531803354,1317.694 9.15191751408044,47.2154832540546,1320.533 9.15196245012454,47.2154417128367,1323.037 9.15197049179383,47.2154252459717,1323.20299999999</coordinates></LineString>
  </Placemark>
  <Placemark>
	<styleUrl>#green</styleUrl>
      <LineString><coordinates>9.94718604457906,46.7505052292961,2382.86199999999 9.94691717100312,46.7507764174779,2382.776 9.94673941444876,46.7509490763536,2382.52499999999</coordinates></LineString>
  </Placemark>
  <Placemark>
	<styleUrl>#green</styleUrl>
      <LineString><coordinates>9.94072075237393,46.765634595233,2208.556 9.94069810911261,46.765643956698,2208.601 9.94062267937973,46.7656913305185,2208.852 9.94055134881011,46.7657671894495,2209.245 9.94050450158857,46.7658329805706,2209.505 9.94045648433095,46.7659330963562,2209.86500000001 9.94040390325503,46.7660156001472,2210.24000000001</coordinates></LineString>
  </Placemark>
  <Placemark>
	<styleUrl>#green</styleUrl>
      <LineString><coordinates>9.94779829029163,46.749948567277,2383.08100000001 9.94788267914245,46.7499873644725,2383.053</coordinates></LineString>
  </Placemark>
  <Placemark>
	<styleUrl>#green</styleUrl>
      <LineString><coordinates>9.94776295302035,46.749932316365,2383.08100000001 9.94779829029163,46.749948567277,2383.08100000001</coordinates></LineString>
  </Placemark>
  <Placemark>
	<styleUrl>#green</styleUrl>
      <LineString><coordinates>9.92885711982955,46.7794905976852,2032.674 9.92890471263162,46.7795115102987,2032.764 9.92893226762698,46.7795232120935,2032.652 9.92894748853088,46.7795299629937,2032.76700000001</coordinates></LineString>
  </Placemark>
  <Placemark>
	<styleUrl>#green</styleUrl>
      <LineString><coordinates>9.92928590110882,46.7793792823591,2035.64200000001 9.9289716852362,46.7795188961672,2032.97199999999 9.92894748853088,46.7795299629937,2032.76700000001</coordinates></LineString>
  </Placemark>
  <Placemark>
	<styleUrl>#green</styleUrl>
      <LineString><coordinates>8.6858295675153,47.0539056960003,1422.48299999999 8.68582143413122,47.0538599130896,1422.251 8.68580914971194,47.0538105318416,1421.89 8.68579446122418,47.0537783323317,1421.552 8.68577115031778,47.0537347834119,1421.144 8.68568444319813,47.0536005224769,1420.06600000001 8.68555321058095,47.0533486978749,1417.617 8.68550373782201,47.053257834531,1416.62300000001 8.68549728589435,47.0532198149862,1416.323 8.68550187864915,47.053177879113,1416.079 8.68551788307195,47.053147244379,1415.883 8.68555886759392,47.0531125239537,1415.591 8.68561113093599,47.0530833935427,1415.31299999999 8.68576030361261,47.0530284440037,1414.754 8.68583480155985,47.0529971737523,1414.353 8.68596115073071,47.0529196397203,1413.12699999999 8.68609526192123,47.0528153566575,1411.713 8.68612784503756,47.052778811138,1411.345 8.68614358325298,47.0527367541119,1410.96799999999 8.6861371177748,47.052698734742,1410.595 8.68610223151495,47.0526362758517,1410.064 8.68602088375432,47.0524924479978,1408.962 8.68591205035965,47.0522460839151,1407.671 8.68582637728584,47.0520356505585,1405.978 8.68580011355864,47.0519845229878,1405.49000000001 8.68577989000868,47.0519542727916,1405.10000000001 8.6857556694132,47.0519298685223,1404.77499999999 8.6857179594249,47.0518987647328,1404.351 8.68568936065956,47.0518683446175,1404.019 8.6856745476699,47.0518432174001,1403.788 8.68567008610233,47.0518234293899,1403.402 8.68566974866693,47.0517998631826,1403.255</coordinates></LineString>
  </Placemark>
  <Placemark>
	<styleUrl>#green</styleUrl>
      <LineString><coordinates>8.68586151395085,47.0545049950042,1429.389 8.68588750032007,47.054424737082,1428.383 8.68593322410369,47.0543537916101,1427.423 8.68594065062739,47.0543137231215,1426.871 8.68593707683478,47.0542794866933,1426.277 8.68588063671238,47.0541296576077,1424.06200000001 8.6858406707681,47.0539682424216,1422.8 8.6858295675153,47.0539056960003,1422.48299999999</coordinates></LineString>
  </Placemark>
  <Placemark>
	<styleUrl>#green</styleUrl>
      <LineString><coordinates>8.68899753546696,47.0618466186798,1554.486 8.68897767015304,47.0619047880296,1553.22500000001 8.68896811858532,47.062017955301,1544.307 8.68895131559035,47.0620911508022,1539.88800000001 8.6889462826224,47.0621344499642,1538.429 8.68892021423786,47.0621676866269,1537.45600000001 8.68890099154984,47.0622235009719,1536.482 8.68888792116617,47.0622766754295,1536.969 8.68887425442793,47.0623082297042,1535.996 8.688853730577,47.0623370428566,1535.7 8.68882180917059,47.0624021355155,1533.569 8.68881658694017,47.0624774089401,1527.37 8.68881578211312,47.0625021750265,1526.31299999999 8.6887775474244,47.0625359129628,1524.977 8.68876014691206,47.0625665632815,1524.261 8.68875816878517,47.0626008600364,1523.537 8.68876976985948,47.0626207320997,1522.77800000001 8.68879568657738,47.0626566323116,1521.109 8.68882029593154,47.0627019566941,1519.235</coordinates></LineString>
  </Placemark>
  <Placemark>
	<styleUrl>#green</styleUrl>
      <LineString><coordinates>8.68867432489493,47.0614136282012,1556.433 8.68877288409885,47.0614506356944,1556.433 8.68888076279104,47.0614870198481,1556.92 8.68892897336513,47.0615039923239,1556.92 8.68907409546194,47.0615358505034,1556.92 8.68916596768017,47.0615559368142,1556.433 8.68925936596372,47.0615940346597,1555.46000000001 8.68926328805382,47.0616233372911,1556.433 8.68917941663469,47.0616680169625,1557.893 8.68910112084461,47.0617265438514,1557.893 8.68905251022677,47.0617703266156,1556.92 8.68900845943053,47.0618289932631,1555.46000000001 8.68899753546696,47.0618466186798,1554.486</coordinates></LineString>
  </Placemark>
</Folder>
<LookAt>
            <longitude>9.4456552579068</longitude>            
            <latitude>47.269750262145</latitude>             
            <altitude>0</altitude>               
            <heading>0</heading>               
            <tilt>45</tilt>
            <range>2297</range>                    
            <altitudeMode>clampToGround</altitudeMode> 
        </LookAt>
</Document></kml>
